flight_id,date,airline,aircraft_type,tail_number,origin,destination,distance_km,duration_min,delay_min,maintenance_flag,cruise_altitude_ft,cruise_speed_kts,fuel_burn_kg,co2_kg,load_factor,passengers,safety_incidents,lat,lon
FL100000,2025-04-13,RoyalMaghreb,A320,CN-381,CMN,LHR,2103.0,218,39,0,33575,417,5435.1,17174.9,0.9,197,0,50.766137622843594,-0.28094898041199745
FL100001,2025-06-29,MoroccoFly,A321,CN-204,TNG,LHR,1003.9,111,64,0,34287,543,2277.3,7196.3,0.56,209,0,43.04679329029782,-3.975984394260838
FL100002,2025-04-03,RoyalMaghreb,E190,CN-532,RAK,MAD,1536.0,161,21,0,38489,450,4087.4,12916.2,0.8,241,0,39.373110064558084,-3.444137325999363
FL100003,2025-01-15,AtlasAir,A320,CN-338,RAK,TNG,1430.9,140,70,1,36317,444,4054.9,12813.5,0.84,141,0,32.74427016972703,-7.105382420049096
FL100004,2025-04-17,SaharaJet,B787,CN-303,CMN,MAD,2014.2,191,0,0,37438,481,4828.9,15259.3,0.86,218,0,39.86844039879265,-3.965224864678043
FL100005,2025-03-13,RoyalMaghreb,E190,CN-559,LHR,RAK,1398.5,119,47,0,39658,428,3815.3,12056.3,0.92,240,0,33.77938246580365,-7.283200034768498
FL100006,2025-07-08,SaharaJet,A330,CN-925,CMN,IST,1858.2,176,32,0,31981,389,4962.8,15682.4,0.88,260,0,33.877627556715126,-4.2786723397396385
FL100007,2025-01-21,MoroccoFly,E190,CN-384,LHR,TNG,546.0,47,62,0,36841,517,1239.8,3917.8,0.84,224,0,38.390063408900495,-4.874177778672209
FL100008,2025-04-13,MoroccoFly,A321,CN-194,MAD,CMN,931.1,82,0,1,32844,439,2555.1,8074.1,0.66,287,0,39.5914779748366,-4.010172385160342
FL100009,2025-05-02,EuroWings+,A320,CN-452,MAD,IST,1390.6,164,16,0,38813,488,3627.2,11462.0,0.81,172,0,41.22397071746924,24.501161638313032
FL100010,2025-07-30,SaharaJet,A330,CN-570,CMN,LHR,1858.6,156,0,0,39353,497,4680.3,14789.7,0.92,294,0,34.156913519442384,-6.97252915976723
FL100011,2025-08-03,SaharaJet,A320,CN-665,LHR,CMN,928.3,106,37,0,38097,359,2092.8,6613.2,0.85,216,0,36.46875125435045,-6.1134772321650095
FL100012,2025-03-16,SkyEagle,E190,CN-296,MAD,ORY,1007.9,85,63,0,38538,426,2913.8,9207.6,0.84,207,0,48.557751235174294,2.284302416389504
FL100013,2025-07-22,RoyalMaghreb,A320,CN-333,CMN,LHR,328.6,36,0,0,35778,465,953.0,3011.5,0.82,161,0,50.33510198375288,-0.6615636312926734
FL100014,2025-03-29,SkyEagle,A320,CN-203,AGA,IST,1159.4,98,14,0,37134,393,3052.4,9645.6,0.75,150,0,36.04917924215742,10.904671215174217
FL100015,2025-04-27,EuroWings+,A330,CN-954,IST,MAD,1902.0,185,46,0,31938,436,4222.7,13343.7,0.87,281,0,41.4099902903697,21.335039437683026
FL100016,2025-04-10,SkyEagle,A321,CN-314,MAD,TNG,1090.0,93,0,0,39507,453,2700.7,8534.2,0.9,249,0,39.76987673335695,-3.6683981995080086
FL100017,2025-04-14,RoyalMaghreb,A330,CN-750,RAK,MAD,1631.2,136,0,0,38368,377,3862.8,12206.4,0.85,211,0,34.65254043766909,-6.202723377333679
FL100018,2025-06-01,MoroccoFly,B787,CN-573,AGA,RAK,1208.6,137,30,0,33409,410,2808.6,8875.2,0.71,234,0,30.939745745764885,-8.707354876964454
FL100019,2025-05-11,EuroWings+,A330,CN-432,AGA,LHR,2108.8,253,48,0,37554,418,5743.8,18150.4,0.78,222,0,40.11568120320457,-4.662293200037321
FL100020,2025-05-30,AtlasAir,A321,CN-423,CMN,IST,2787.0,342,11,0,36729,465,7129.6,22529.5,0.74,242,0,37.328189806582444,11.489828174527842
FL100021,2025-02-22,EuroWings+,A330,CN-680,RAK,TNG,1687.9,181,16,0,32680,432,4765.4,15058.7,0.95,266,0,33.683692351882,-7.238286863988235
FL100022,2025-01-02,RoyalMaghreb,A330,CN-611,AGA,LHR,2713.9,279,31,0,32373,380,7197.6,22744.4,0.67,268,1,43.02568170347329,-4.057632558560736
FL100023,2025-03-29,EuroWings+,E190,CN-371,IST,RAK,1525.1,176,2,0,32514,422,4312.7,13628.1,0.82,215,0,31.705321845474536,-7.660484584862282
FL100024,2025-08-24,MoroccoFly,A321,CN-698,ORY,LHR,1453.9,167,36,0,35297,487,3780.4,11946.1,0.89,217,0,49.69627696356755,0.6399036944633844
FL100025,2025-06-07,EuroWings+,B787,CN-324,LHR,TNG,1524.8,146,10,0,31582,463,3868.2,12223.5,0.77,241,0,49.65578414224636,-1.3616211751037852
FL100026,2025-02-07,MoroccoFly,B787,CN-873,IST,CMN,2301.4,208,0,0,27585,410,5625.1,17775.3,0.83,242,0,40.881871484741126,26.800117791433014
FL100027,2025-05-10,AtlasAir,A320,CN-263,TNG,LHR,1728.1,154,20,0,34044,434,4787.2,15127.6,0.84,222,0,49.89712001072403,-1.2475269376607798
FL100028,2025-07-11,RoyalMaghreb,B737,CN-490,RAK,ORY,577.1,58,0,0,35055,533,1363.5,4308.7,0.8,184,0,46.85699445753818,1.4913239445407214
FL100029,2025-07-07,SaharaJet,B737,CN-981,ORY,MAD,1899.1,203,32,0,36528,512,4887.2,15443.6,0.83,167,0,46.40035079137542,0.2708834251082242
FL100030,2025-01-21,AtlasAir,E190,CN-649,RAK,LHR,1842.9,166,6,0,38112,424,4197.2,13263.2,0.92,226,0,36.44969848426009,-6.006048687090075
FL100031,2025-06-10,SkyEagle,E190,CN-400,MAD,CMN,2631.5,258,43,0,31824,424,7462.8,23582.4,0.68,284,0,33.82602664495588,-7.714956561151556
FL100032,2025-07-23,EuroWings+,A321,CN-839,IST,CMN,3267.5,404,21,0,35328,486,8781.8,27750.5,0.84,253,0,36.30933768353547,8.370512618564668
FL100033,2025-02-27,RoyalMaghreb,A330,CN-208,TNG,MAD,1910.3,163,20,0,42616,476,4736.3,14966.7,0.81,227,0,35.44524902618569,-6.402443492158586
FL100034,2025-01-22,RoyalMaghreb,A330,CN-482,AGA,RAK,2293.9,244,19,0,33992,533,5407.2,17086.8,0.73,235,0,31.205189380908,-8.774111418501619
FL100035,2025-08-24,MoroccoFly,B787,CN-431,CMN,MAD,2448.3,232,0,0,31948,475,7033.3,22225.2,0.8,206,0,41.22200043806486,-3.5556277965335155
FL100036,2025-03-30,EuroWings+,A320,CN-999,RAK,AGA,1808.4,204,17,0,33279,422,4024.7,12718.1,0.98,126,0,31.02932582887075,-9.901851829780503
FL100037,2025-02-18,SkyEagle,A321,CN-999,CMN,TNG,553.0,54,0,0,35869,437,1582.8,5001.6,0.71,216,0,34.612570921233086,-6.5245029500888565
FL100038,2025-08-07,SaharaJet,A320,CN-597,RAK,LHR,2233.0,276,0,0,33426,474,5932.9,18748.0,0.79,153,0,46.023755895688666,-2.484245470409027
FL100039,2025-02-28,AtlasAir,B787,CN-775,TNG,RAK,2787.8,316,0,0,29990,538,7875.3,24885.9,0.78,271,0,33.695578526293694,-6.539817104466014
FL100040,2025-06-19,EuroWings+,B787,CN-640,TNG,AGA,1031.7,101,61,0,35633,445,2821.3,8915.3,0.9,239,0,34.07651103173757,-7.201854269001203
FL100041,2025-08-08,SaharaJet,B737,CN-873,AGA,MAD,1426.3,125,7,1,31134,455,3409.7,10774.7,0.84,130,0,36.25710171832595,-6.02810483115291
FL100042,2025-07-07,RoyalMaghreb,E190,CN-419,AGA,LHR,1953.6,187,42,0,29477,386,5007.6,15824.0,0.79,245,0,35.05570235169342,-7.454598110412098
FL100043,2025-07-27,EuroWings+,E190,CN-629,MAD,AGA,2604.8,283,0,0,41243,434,7438.7,23506.3,0.75,261,0,37.63826294180948,-5.059044922062259
FL100044,2025-01-15,EuroWings+,A320,CN-165,AGA,RAK,3336.1,357,15,0,34895,538,8946.9,28272.2,0.7,147,0,31.023436934671807,-8.033619465632079
FL100045,2025-07-09,SkyEagle,A320,CN-325,AGA,MAD,742.3,88,46,1,31041,438,1914.6,6050.1,0.85,178,0,37.25998322505166,-5.419948079230338
FL100046,2025-07-09,AtlasAir,A320,CN-169,CMN,TNG,1757.9,197,0,1,36288,460,4089.6,12923.1,0.89,164,0,35.14698529799732,-6.487037089739224
FL100047,2025-06-24,AtlasAir,A330,CN-343,RAK,MAD,2477.4,217,15,0,30784,475,5659.5,17884.0,0.84,225,0,37.97611336638552,-4.924525631505282
FL100048,2025-07-09,SkyEagle,E190,CN-652,IST,RAK,2668.2,287,22,0,35801,494,6305.1,19924.1,0.88,241,0,31.993794142554915,-8.165349634467285
FL100049,2025-02-20,MoroccoFly,E190,CN-903,IST,RAK,1494.1,142,0,0,29954,362,4058.4,12824.5,0.79,231,0,38.18622488794087,17.947498923717447
FL100050,2025-04-18,EuroWings+,B737,CN-199,AGA,CMN,1779.2,186,23,0,37952,439,5090.8,16086.9,0.98,140,0,33.690761419336845,-7.119470559765522
FL100051,2025-02-24,RoyalMaghreb,B737,CN-520,MAD,AGA,858.0,98,19,0,36666,418,2097.9,6629.4,0.93,142,0,38.74492054590393,-4.27156546734608
FL100052,2025-09-01,EuroWings+,E190,CN-769,CMN,LHR,1921.8,185,0,0,33161,430,5423.4,17137.9,0.86,272,0,34.41761372580905,-7.346216763456777
FL100053,2025-03-05,RoyalMaghreb,A320,CN-845,CMN,ORY,2330.5,233,0,0,37084,396,5251.2,16593.8,0.82,195,0,42.31756362691915,-1.3706792908300816
FL100054,2025-09-06,SkyEagle,A320,CN-294,AGA,RAK,2209.1,243,64,0,36771,505,6175.4,19514.3,0.85,181,0,31.52164491414743,-7.993314651201456
FL100055,2025-05-11,SaharaJet,B737,CN-287,TNG,ORY,1410.5,122,30,0,33889,408,3837.2,12125.6,0.85,148,0,42.37948337545531,-1.6928644759531302
FL100056,2025-08-17,SkyEagle,B737,CN-177,AGA,IST,984.1,93,36,0,34076,460,2689.2,8497.9,0.86,161,0,37.29557393695482,14.847205299228333
FL100057,2025-02-20,EuroWings+,B787,CN-767,RAK,CMN,1688.2,155,7,0,29570,498,4447.7,14054.7,0.78,251,0,32.11984493388767,-8.045044561431396
FL100058,2025-05-15,SaharaJet,A320,CN-969,RAK,IST,1466.9,161,65,1,30655,340,3395.1,10728.5,0.87,189,0,32.73871314257603,-4.613302042619189
FL100059,2025-01-21,MoroccoFly,A321,CN-592,LHR,AGA,1666.6,141,0,0,31318,533,3986.3,12596.7,0.82,247,0,46.232148031175846,-2.081287942035085
FL100060,2025-03-14,MoroccoFly,B737,CN-488,CMN,TNG,1750.7,147,45,0,36028,472,4796.3,15156.3,0.86,178,0,34.05191969465009,-7.222732198507052
FL100061,2025-06-16,AtlasAir,B737,CN-903,ORY,IST,1181.6,138,16,0,30925,434,3006.1,9499.3,0.83,139,0,42.637261401980226,22.838269327174277
FL100062,2025-01-18,EuroWings+,A330,CN-848,LHR,MAD,1528.6,146,0,0,37357,471,4197.4,13263.8,0.82,222,0,49.52864520909773,-1.2129937686103873
FL100063,2025-05-12,SaharaJet,E190,CN-294,IST,RAK,2114.9,263,62,0,32371,451,5171.9,16343.2,0.74,231,0,34.43326516999548,3.556425359985746
FL100064,2025-03-30,SkyEagle,A321,CN-853,CMN,MAD,2639.6,324,41,1,35178,417,7117.3,22490.7,0.85,260,0,35.81355179282352,-5.937045477964638
FL100065,2025-03-01,SaharaJet,A320,CN-151,MAD,CMN,1681.2,158,50,0,33891,460,3769.7,11912.3,0.77,145,0,39.071601030427956,-4.616101234848399
FL100066,2025-01-14,SaharaJet,B737,CN-620,TNG,CMN,1785.4,174,71,0,35114,456,4177.2,13200.0,0.78,166,0,35.446236823496044,-6.381171964625767
FL100067,2025-08-30,AtlasAir,A321,CN-169,RAK,MAD,2359.7,243,39,0,30314,550,6389.4,20190.5,0.91,238,0,35.54127939653527,-6.621805638873126
FL100068,2025-09-07,RoyalMaghreb,A321,CN-683,LHR,CMN,2685.9,245,52,0,36482,463,6246.9,19740.2,0.85,231,0,46.947480356149725,-1.8996721553338933
FL100069,2025-01-09,MoroccoFly,B787,CN-183,CMN,MAD,459.3,44,23,0,36122,445,1093.6,3455.8,0.72,274,0,34.28324192364191,-6.919310860164904
FL100070,2025-03-31,EuroWings+,E190,CN-309,MAD,TNG,1846.1,197,0,0,30330,428,4858.9,15354.1,0.75,255,0,40.552306780767765,-3.2804512745320564
FL100071,2025-02-22,RoyalMaghreb,E190,CN-371,MAD,RAK,2528.7,225,15,0,34090,468,5761.3,18205.7,0.81,238,0,32.38870157926215,-7.776793749898674
FL100072,2025-05-10,EuroWings+,A321,CN-423,ORY,AGA,1847.2,226,0,0,37748,467,4651.8,14699.7,0.65,328,0,45.87241394655518,0.9258430261389705
FL100073,2025-03-25,AtlasAir,A320,CN-676,IST,ORY,1965.9,201,1,0,36641,404,5478.5,17312.1,0.83,170,0,45.93162366763615,12.769136664273764
FL100074,2025-04-02,AtlasAir,A320,CN-371,AGA,MAD,2463.3,277,47,0,39900,392,5603.1,17705.8,0.9,152,0,36.24794829985189,-5.988085546925419
FL100075,2025-04-21,MoroccoFly,A330,CN-478,RAK,TNG,789.1,73,0,0,37164,481,1976.7,6246.4,0.81,243,0,31.3017431551837,-8.45611035971857
FL100076,2025-07-07,SkyEagle,A321,CN-656,IST,LHR,2756.7,288,0,0,33083,383,6503.3,20550.4,0.83,218,0,46.91038186723758,10.450276311694155
FL100077,2025-07-18,RoyalMaghreb,A330,CN-936,CMN,LHR,1835.5,185,46,0,31529,373,4550.5,14379.6,0.9,313,0,47.39222554456596,-1.8759273079582053
FL100078,2025-06-21,SaharaJet,A330,CN-370,RAK,TNG,2255.4,251,25,1,32738,435,5728.9,18103.3,0.75,210,0,34.341735750745116,-6.215315312378812
FL100079,2025-01-08,AtlasAir,A320,CN-388,TNG,AGA,2708.7,297,37,0,34597,442,7250.6,22911.9,0.83,119,0,34.671663429075004,-6.158420677135724
FL100080,2025-06-24,SaharaJet,A321,CN-803,MAD,RAK,1788.2,159,31,0,35375,428,5125.0,16195.0,0.92,251,0,38.60009552807892,-4.9704837951366
FL100081,2025-02-04,RoyalMaghreb,A330,CN-966,IST,TNG,2489.7,214,10,0,37241,414,5956.2,18821.6,0.8,277,0,40.48106077844932,26.07439584966764
FL100082,2025-07-25,AtlasAir,A320,CN-383,LHR,IST,1087.4,99,25,0,34444,443,2410.4,7616.9,0.92,208,0,49.53973781379978,5.812103720702272
FL100083,2025-03-22,AtlasAir,A320,CN-233,MAD,IST,1988.6,232,17,0,30693,354,5373.9,16981.5,0.87,208,0,40.36028613051563,-1.2997590266304238
FL100084,2025-06-13,RoyalMaghreb,A330,CN-552,TNG,LHR,1410.4,170,0,0,35701,372,3971.9,12551.2,0.86,303,0,41.17788178769958,-3.513880898473858
FL100085,2025-02-19,SaharaJet,E190,CN-109,LHR,ORY,1643.7,199,61,0,32027,481,4232.7,13375.3,0.81,212,0,50.842718330551065,0.7133548645081567
FL100086,2025-04-14,AtlasAir,A320,CN-136,TNG,MAD,1144.6,95,10,1,38639,457,2935.6,9276.5,0.76,166,0,36.484059607758006,-5.441275473211804
FL100087,2025-05-12,SkyEagle,B787,CN-230,TNG,ORY,1157.6,122,0,0,35261,485,2794.4,8830.3,0.73,175,0,42.427054840652794,-1.387121531666053
FL100088,2025-01-02,AtlasAir,A330,CN-981,MAD,IST,1849.1,194,15,0,35802,466,5090.6,16086.3,0.78,232,0,40.297981895353985,2.4384482573828064
FL100089,2025-05-14,AtlasAir,A330,CN-355,AGA,LHR,1830.3,162,22,0,42394,434,5006.6,15820.9,0.82,200,0,33.23722440362297,-8.157856069912476
FL100090,2025-02-23,RoyalMaghreb,A320,CN-673,MAD,IST,1834.0,154,31,0,35193,351,4599.0,14532.8,0.84,136,0,40.67054215947448,16.578782928788378
FL100091,2025-04-16,EuroWings+,B787,CN-985,TNG,RAK,1386.8,115,16,0,33309,429,3168.8,10013.4,0.77,230,0,35.5184299860191,-6.048007430910831
FL100092,2025-01-04,MoroccoFly,A321,CN-283,LHR,CMN,2062.2,223,47,0,27338,496,4725.4,14932.3,0.81,269,0,45.174979143282165,-3.1734050810281804
FL100093,2025-02-23,RoyalMaghreb,A330,CN-785,LHR,IST,2327.2,289,37,0,33825,449,5543.1,17516.2,0.78,251,0,49.26826049251371,6.002585865857198
FL100094,2025-08-09,RoyalMaghreb,A321,CN-906,ORY,RAK,1871.7,190,0,0,34918,403,4314.4,13633.5,0.91,214,0,42.026999642108116,-2.218651664170391
FL100095,2025-07-10,RoyalMaghreb,A320,CN-139,LHR,IST,1970.9,166,23,0,38426,393,4939.8,15609.8,0.87,145,0,42.910473052874615,25.69209917408247
FL100096,2025-05-26,EuroWings+,A321,CN-571,AGA,IST,2245.3,212,25,0,35096,412,5175.6,16354.9,0.83,291,0,30.851794094670865,-7.959512404992505
FL100097,2025-08-06,SkyEagle,A330,CN-124,AGA,RAK,1318.5,143,50,0,37040,507,3071.6,9706.3,0.91,261,0,30.65066365128727,-9.611301504223478
FL100098,2025-02-13,RoyalMaghreb,A321,CN-385,LHR,TNG,946.9,107,55,0,38984,477,2510.0,7931.6,0.77,241,1,39.332448216387206,-4.277574670826579
FL100099,2025-06-11,AtlasAir,A330,CN-621,MAD,LHR,2247.5,211,32,0,36670,439,5297.8,16741.0,0.74,181,0,47.14681085328256,-1.7397471769474326
FL100100,2025-07-21,EuroWings+,E190,CN-218,MAD,CMN,1984.4,217,38,0,34498,464,5414.6,17110.1,0.92,235,0,34.644133278452635,-6.5381589957285
FL100101,2025-07-09,SkyEagle,A321,CN-211,ORY,CMN,1995.8,169,18,0,34716,445,5404.9,17079.5,0.78,257,0,35.906282346245305,-5.490988073155882
FL100102,2025-08-16,SaharaJet,B737,CN-905,MAD,LHR,1944.5,211,83,0,37260,469,5143.9,16254.7,0.77,174,0,40.82336364324294,-3.809825253754789
FL100103,2025-01-14,SkyEagle,B737,CN-690,RAK,ORY,2572.8,291,7,0,37159,522,5998.8,18956.2,0.92,141,0,31.46094266332124,-7.787345784067927
FL100104,2025-04-05,MoroccoFly,A330,CN-546,CMN,LHR,1727.4,185,28,0,37167,431,5005.1,15816.1,0.75,177,0,48.90020435592792,-0.829179900082633
FL100105,2025-02-17,AtlasAir,B787,CN-541,AGA,TNG,2808.7,350,0,0,38499,421,6361.9,20103.6,0.78,316,0,31.137965617807907,-8.58453099652091
FL100106,2025-01-15,AtlasAir,E190,CN-421,MAD,ORY,3036.9,283,48,0,37335,422,7740.4,24459.7,0.91,220,0,46.147072076134464,1.3640116050358675
FL100107,2025-07-19,RoyalMaghreb,A320,CN-416,ORY,MAD,1540.9,158,0,0,36440,381,4183.5,13219.9,0.74,215,0,42.172864704403246,-2.575359512737238
FL100108,2025-07-25,RoyalMaghreb,B737,CN-813,MAD,AGA,1576.7,153,45,0,33533,394,3837.9,12127.8,0.78,183,0,37.75086104382584,-5.367515236842264
FL100109,2025-08-03,SkyEagle,B787,CN-530,TNG,RAK,1578.7,140,28,0,31665,447,3562.2,11256.6,0.82,293,0,32.54066247984359,-7.322387462983383
FL100110,2025-09-06,RoyalMaghreb,B737,CN-682,TNG,MAD,1201.0,109,25,0,34699,439,2862.1,9044.2,0.85,153,0,36.926233781002324,-4.8057278118528695
FL100111,2025-07-09,SkyEagle,B737,CN-393,CMN,AGA,1484.4,179,17,1,35304,393,3692.7,11668.9,0.88,151,0,31.36801709497823,-8.64527234846134
FL100112,2025-02-09,MoroccoFly,B737,CN-552,MAD,AGA,862.5,78,4,1,37382,387,2017.0,6373.7,0.71,232,1,34.054826111137395,-7.216663611273995
FL100113,2025-08-01,EuroWings+,E190,CN-584,AGA,MAD,1543.9,171,4,0,38052,583,3520.7,11125.4,0.85,260,0,37.25926723241529,-5.244793495568312
FL100114,2025-07-27,RoyalMaghreb,A321,CN-627,RAK,AGA,1156.7,133,0,1,36309,495,2919.1,9224.4,0.96,208,0,31.946240032337638,-8.104933671266865
FL100115,2025-08-25,RoyalMaghreb,E190,CN-938,MAD,CMN,1411.7,126,16,0,32872,424,3431.9,10844.8,0.83,288,0,34.14793726307853,-7.566446844475754
FL100116,2025-03-23,MoroccoFly,E190,CN-925,ORY,RAK,2329.9,229,16,0,35896,412,6466.5,20434.1,0.92,222,1,44.68632124446837,0.31722523285043436
FL100117,2025-04-21,MoroccoFly,A321,CN-350,CMN,RAK,2017.5,191,52,0,37296,440,5191.4,16404.8,0.86,214,0,32.709376791722946,-7.852260303950956
FL100118,2025-02-22,EuroWings+,B787,CN-524,RAK,ORY,1226.9,125,28,0,35072,520,3529.9,11154.5,0.84,238,0,42.113483996809755,-1.5023300017995982
FL100119,2025-01-24,RoyalMaghreb,B787,CN-813,AGA,LHR,1819.6,179,11,0,32583,479,5096.3,16104.3,0.83,279,0,37.36706766347232,-6.632320764106758
FL100120,2025-06-03,EuroWings+,B737,CN-251,LHR,RAK,526.9,52,2,0,32002,424,1421.8,4492.9,0.77,147,0,42.75371080108985,-3.491743135054111
FL100121,2025-08-05,RoyalMaghreb,E190,CN-981,CMN,IST,888.9,78,49,0,35113,456,2034.2,6428.1,0.73,275,0,34.00215001568008,-5.1371901894191465
FL100122,2025-07-07,AtlasAir,B737,CN-923,AGA,RAK,2152.0,236,6,0,35379,546,5194.4,16414.3,0.9,120,0,31.65888020198167,-8.013387434328436
FL100123,2025-05-04,RoyalMaghreb,B787,CN-670,IST,CMN,1072.7,92,38,0,32101,457,2695.7,8518.4,0.91,236,0,38.097276091300174,14.89424139028052
FL100124,2025-08-25,MoroccoFly,A320,CN-920,IST,RAK,1999.2,219,22,0,36539,437,5453.3,17232.4,0.89,144,0,32.93711243027799,-3.550133942905895
FL100125,2025-02-10,EuroWings+,E190,CN-553,MAD,IST,1253.6,139,20,0,29344,435,3282.9,10374.0,0.74,207,0,40.79523364662661,-1.4924675861838668
FL100126,2025-06-06,SaharaJet,E190,CN-661,LHR,IST,1737.3,155,13,0,35210,508,3899.5,12322.4,0.85,274,0,50.59129193732864,2.4785646053766204
FL100127,2025-01-15,EuroWings+,A321,CN-365,IST,AGA,2192.0,225,85,0,39422,432,5745.9,18157.0,0.81,268,0,34.848751873484595,4.8770354283414274
FL100128,2025-02-14,MoroccoFly,E190,CN-896,ORY,IST,1845.3,219,0,0,41512,441,5287.4,16708.2,0.94,258,0,43.95932259823775,19.040723942346542
FL100129,2025-03-06,SaharaJet,B737,CN-550,AGA,TNG,1536.2,187,0,0,34339,346,3590.6,11346.3,0.7,182,0,33.02271095848737,-7.832705698104343
FL100130,2025-03-30,AtlasAir,E190,CN-378,ORY,RAK,1991.5,198,51,0,34519,483,4502.7,14228.5,0.75,248,0,40.03266689040068,-2.5828066363110787
FL100131,2025-03-12,SkyEagle,A330,CN-254,RAK,TNG,1560.5,162,1,0,37494,440,4213.2,13313.7,0.69,266,0,35.396830991813125,-5.968106848363051
FL100132,2025-01-09,MoroccoFly,B737,CN-319,TNG,LHR,2767.3,327,40,0,28544,414,6322.6,19979.4,0.94,145,0,37.142759207001596,-5.5294011252648145
FL100133,2025-03-29,AtlasAir,B737,CN-655,LHR,TNG,2535.8,268,46,0,35620,487,7129.7,22529.9,0.77,170,0,50.0808500517264,-0.7846882324448989
FL100134,2025-05-09,EuroWings+,B737,CN-952,CMN,TNG,1780.1,193,12,0,33353,454,4069.4,12859.3,0.66,181,0,35.04781046679986,-6.244866075895318
FL100135,2025-08-24,EuroWings+,B737,CN-883,CMN,IST,2904.1,319,0,0,34202,521,8012.1,25318.2,0.84,167,0,37.007226764633,7.544166144151471
FL100136,2025-05-16,SaharaJet,B737,CN-460,IST,CMN,2582.6,238,0,0,31727,429,6460.0,20413.6,0.74,147,0,35.739152544066734,5.642169730911034
FL100137,2025-08-04,SkyEagle,B737,CN-865,LHR,ORY,1709.6,184,0,0,30113,513,4022.0,12709.5,0.82,168,0,50.94179135983124,-0.06035073703668277
FL100138,2025-03-04,RoyalMaghreb,B787,CN-324,AGA,ORY,2127.8,223,18,0,34734,431,4919.4,15545.3,0.68,229,0,32.43372921018223,-7.974836584316979
FL100139,2025-05-19,SkyEagle,B737,CN-498,IST,CMN,1943.7,171,40,1,30381,375,4739.4,14976.5,0.72,164,0,37.17614758704255,9.211196609446796
FL100140,2025-08-31,SkyEagle,E190,CN-269,LHR,MAD,719.4,79,4,0,34495,426,1718.7,5431.1,0.82,254,0,45.03457452185254,-2.589971961844157
FL100141,2025-03-22,EuroWings+,A321,CN-706,CMN,ORY,1676.8,174,76,1,35875,494,4357.3,13769.1,0.72,254,0,34.76673569927119,-7.647215069175881
FL100142,2025-05-16,SaharaJet,E190,CN-758,CMN,RAK,1952.2,192,29,0,35924,430,4465.5,14111.0,0.77,266,0,31.668034150753964,-8.363086681758247
FL100143,2025-06-12,EuroWings+,A321,CN-151,IST,RAK,1791.9,156,27,0,30655,407,4197.1,13262.8,0.77,281,0,36.8245022540764,10.702077473111277
FL100144,2025-06-12,SkyEagle,B737,CN-565,MAD,RAK,1767.1,156,25,0,36666,454,4135.5,13068.2,0.91,153,0,39.87791839767074,-3.5392589921871687
FL100145,2025-02-02,SkyEagle,A330,CN-870,LHR,TNG,3199.9,273,22,0,40871,437,8658.7,27361.5,0.76,252,0,45.634690444430426,-2.15510138742815
FL100146,2025-05-03,EuroWings+,A330,CN-119,RAK,ORY,2371.9,258,30,0,37175,475,6447.5,20374.1,0.85,222,0,43.05409384725072,-1.0422427789476536
FL100147,2025-01-05,RoyalMaghreb,B787,CN-329,CMN,AGA,1339.8,134,23,0,30079,368,3009.4,9509.7,0.76,230,0,29.91607478091696,-9.253726234331735
FL100148,2025-08-22,RoyalMaghreb,A320,CN-131,CMN,IST,1800.7,161,0,0,30177,411,4254.5,13444.2,0.89,141,0,36.48137719612388,7.31837796122028
FL100149,2025-08-19,MoroccoFly,A321,CN-256,CMN,MAD,875.5,82,14,1,30041,510,2323.2,7341.3,0.58,245,0,37.86929973454225,-5.21999915089739
FL100150,2025-09-07,MoroccoFly,A321,CN-217,IST,MAD,2284.3,202,0,0,38180,587,5253.9,16602.3,0.76,266,0,41.13683519348481,19.27490319048888
FL100151,2025-02-10,SaharaJet,A321,CN-362,IST,MAD,1424.3,156,18,0,32424,506,3235.0,10222.6,0.71,215,0,41.09211890485172,18.678061861240902
FL100152,2025-01-28,SkyEagle,A321,CN-938,RAK,IST,2310.5,242,14,1,35796,420,5881.9,18586.8,0.95,200,0,31.805693491616694,-8.12074755565035
FL100153,2025-05-15,MoroccoFly,A330,CN-126,RAK,MAD,1914.9,173,19,1,31833,502,4354.0,13758.6,0.87,276,0,34.799013783008924,-6.244532115181437
FL100154,2025-07-20,SkyEagle,B787,CN-832,LHR,AGA,933.7,105,0,0,33475,442,2555.8,8076.3,0.92,230,0,46.87620855647514,-1.7223705095961153
FL100155,2025-03-13,MoroccoFly,A320,CN-813,AGA,CMN,1636.2,152,27,0,32773,429,4346.0,13733.4,0.75,193,0,31.256999566013636,-8.50110072537867
FL100156,2025-01-12,SkyEagle,E190,CN-679,RAK,IST,1602.8,169,33,0,35122,399,3826.5,12091.7,0.7,205,0,32.742067139452054,-4.253884261117506
FL100157,2025-06-11,AtlasAir,A330,CN-479,LHR,MAD,2267.4,218,0,0,36614,447,5812.0,18365.9,0.73,273,0,43.10110684826578,-2.8494955861399545
FL100158,2025-02-02,AtlasAir,B787,CN-969,MAD,CMN,2203.7,259,32,0,35305,527,5385.1,17016.9,0.9,199,1,34.655152911710694,-6.770433449633572
FL100159,2025-02-17,EuroWings+,B737,CN-470,RAK,ORY,435.9,47,0,0,32770,410,1106.7,3497.2,0.81,209,0,48.00707929612329,2.00896150186844
FL100160,2025-09-04,RoyalMaghreb,B737,CN-280,TNG,ORY,1043.9,118,2,0,38844,477,2719.2,8592.7,0.85,148,0,40.42065148792921,-2.441992241915883
FL100161,2025-05-31,RoyalMaghreb,B787,CN-927,ORY,MAD,2183.1,238,12,0,35990,480,4897.9,15477.4,0.75,302,0,40.33699146561306,-3.2554980922327106
FL100162,2025-03-03,SaharaJet,B737,CN-945,IST,AGA,3014.2,362,18,0,34458,518,7784.4,24598.7,0.77,157,0,36.522527042191335,11.853642435033453
FL100163,2025-08-04,RoyalMaghreb,B787,CN-972,ORY,TNG,1828.8,202,26,0,32850,457,4820.0,15231.2,0.85,240,0,47.163457779025975,0.9808541260291033
FL100164,2025-02-06,MoroccoFly,A320,CN-349,ORY,AGA,2231.9,209,0,0,39452,467,5689.5,17978.8,0.87,153,0,36.84338512967758,-5.426591218326068
FL100165,2025-04-09,EuroWings+,B787,CN-129,LHR,TNG,2081.7,248,35,0,34940,425,5545.1,17522.5,0.79,220,0,36.79891921424091,-5.080938965604234
FL100166,2025-06-21,EuroWings+,A330,CN-317,TNG,ORY,2651.8,227,2,1,29400,500,7295.8,23054.7,0.85,192,0,44.04771575062491,-0.6486044773172749
FL100167,2025-04-14,SkyEagle,A330,CN-710,MAD,TNG,884.2,108,18,0,35641,440,2120.2,6699.8,0.83,257,0,38.20466822533363,-4.896240522107738
FL100168,2025-08-02,RoyalMaghreb,A330,CN-295,CMN,MAD,1260.7,108,0,1,34432,496,3462.3,10940.9,0.79,135,0,37.40208710685213,-5.5159610128252705
FL100169,2025-08-07,AtlasAir,A321,CN-668,LHR,AGA,1580.3,190,29,0,35033,485,3929.5,12417.2,0.85,252,0,37.007511006351734,-6.310533199552845
FL100170,2025-02-04,MoroccoFly,E190,CN-828,IST,MAD,732.8,75,25,0,36043,425,1612.3,5094.9,0.88,163,0,40.27396307859261,-2.9981079362581595
FL100171,2025-07-12,EuroWings+,B737,CN-401,CMN,RAK,1182.0,147,0,0,38652,491,3302.5,10435.9,0.68,139,0,31.973537602253945,-7.769338419386227
FL100172,2025-08-15,MoroccoFly,B737,CN-779,AGA,TNG,2270.0,202,11,1,33207,521,5932.6,18747.0,0.77,166,0,34.30077157923018,-7.103987629538501
FL100173,2025-04-11,SaharaJet,A330,CN-643,IST,ORY,2141.1,262,20,0,30234,489,5781.1,18268.3,0.79,247,0,45.2401671341169,15.271362853559115
FL100174,2025-06-24,SkyEagle,B737,CN-819,MAD,TNG,2120.7,195,40,0,35690,474,5747.7,18162.7,0.79,180,0,39.15598977350024,-4.387469927227667
FL100175,2025-07-25,EuroWings+,A330,CN-336,ORY,TNG,2434.9,237,41,1,27826,446,5634.7,17805.7,0.88,265,0,47.940514190816025,2.0632791195280626
FL100176,2025-05-11,AtlasAir,E190,CN-222,AGA,TNG,2334.2,229,32,1,35021,416,6309.2,19937.1,0.8,248,0,33.011750845573886,-7.564687447722628
FL100177,2025-01-01,RoyalMaghreb,B787,CN-321,TNG,RAK,1129.7,98,0,0,33051,488,2979.5,9415.2,0.92,247,0,35.56603095973931,-5.899648521266498
FL100178,2025-01-05,RoyalMaghreb,B737,CN-703,ORY,LHR,734.3,79,28,0,30432,505,1992.0,6294.7,0.77,155,0,50.05219557575362,1.3724169883357076
FL100179,2025-08-06,SaharaJet,B787,CN-952,ORY,CMN,1540.7,162,13,1,39161,507,4071.3,12865.3,0.79,200,0,46.87751038189001,1.0816581725342884
FL100180,2025-09-04,MoroccoFly,A330,CN-283,AGA,TNG,2006.3,242,16,0,34308,403,5450.1,17222.3,0.77,291,0,32.2243076768635,-8.221802945741764
FL100181,2025-05-22,SkyEagle,A320,CN-146,TNG,AGA,751.5,82,14,0,35262,469,1693.9,5352.7,0.78,151,0,31.968137293475536,-7.8483811332946765
FL100182,2025-04-13,AtlasAir,B787,CN-229,ORY,LHR,2286.8,211,0,0,31632,404,5987.8,18921.4,0.8,248,0,50.389750405802985,0.9011972688347938
FL100183,2025-01-27,RoyalMaghreb,B737,CN-112,RAK,IST,1826.3,202,11,0,34670,474,5091.4,16088.8,0.87,129,1,32.58344921470454,-4.34115124553572
FL100184,2025-05-17,SaharaJet,A330,CN-551,IST,AGA,1935.2,165,8,0,33689,369,5237.4,16550.2,0.82,237,0,34.529247013664516,4.118968476849127
FL100185,2025-07-26,SkyEagle,A321,CN-982,CMN,AGA,2015.5,250,32,0,32904,406,4783.4,15115.5,0.81,218,0,31.347502755136187,-8.62419327668916
FL100186,2025-01-15,EuroWings+,A320,CN-603,RAK,ORY,2099.8,178,29,0,36446,388,5711.5,18048.3,0.83,211,0,38.00516707416892,-3.94095875675984
FL100187,2025-03-31,AtlasAir,B787,CN-252,CMN,TNG,769.3,81,25,0,38320,482,1937.2,6121.6,0.71,260,0,34.97413719269009,-7.104405465316062
FL100188,2025-02-11,SaharaJet,A330,CN-221,RAK,TNG,1470.3,150,39,0,35076,354,3292.4,10404.0,0.88,239,0,35.28116306042922,-6.721619214215245
FL100189,2025-05-04,SaharaJet,B737,CN-635,AGA,IST,1380.5,159,5,0,36628,398,3889.0,12289.2,0.87,189,0,33.16180632351276,1.3732527731729096
FL100190,2025-07-24,EuroWings+,B737,CN-980,IST,TNG,3569.5,378,49,0,36445,477,8621.9,27245.2,0.73,119,0,36.372165117713244,-4.518291893156736
FL100191,2025-06-28,SaharaJet,B737,CN-735,ORY,MAD,959.6,83,18,0,35524,458,2613.8,8259.6,0.98,126,0,43.33163808977547,-1.8977944623302747
FL100192,2025-03-04,AtlasAir,B787,CN-312,RAK,IST,1549.6,178,10,0,37927,495,3967.6,12537.6,0.8,252,0,32.655566943725404,-4.620038144841597
FL100193,2025-04-06,RoyalMaghreb,A321,CN-183,ORY,LHR,949.4,115,32,0,32789,415,2726.7,8616.4,0.9,302,0,50.46277095324411,1.2807846955702713
FL100194,2025-08-19,MoroccoFly,A321,CN-176,TNG,MAD,1279.0,127,31,0,35983,496,3290.6,10398.3,0.84,212,0,37.457093278266726,-5.364227854934473
FL100195,2025-08-29,MoroccoFly,A320,CN-805,LHR,AGA,1516.3,130,0,0,26945,462,3355.1,10602.1,0.98,126,0,36.99307511963201,-6.096026895384856
FL100196,2025-02-21,SaharaJet,B737,CN-337,ORY,CMN,2023.3,177,27,0,38289,418,5090.3,16085.3,0.85,151,0,41.50736524768918,-2.478747249864452
FL100197,2025-04-06,SkyEagle,E190,CN-980,ORY,LHR,1634.6,160,41,1,35574,422,3680.9,11631.6,0.92,225,0,50.89929495965267,-0.26040220246494955
FL100198,2025-05-12,EuroWings+,A320,CN-906,AGA,TNG,1418.8,149,0,0,33185,339,3839.1,12131.6,0.92,189,0,31.438131279226894,-8.019050562960844
FL100199,2025-08-10,RoyalMaghreb,B787,CN-217,AGA,ORY,1961.1,237,55,0,39189,470,5346.5,16894.9,0.83,282,0,43.094167533519084,-1.2891045134083132
FL100200,2025-08-17,SaharaJet,A321,CN-946,TNG,AGA,1534.2,132,6,0,35591,465,4016.5,12692.1,0.88,249,0,32.28306577352948,-8.493002668822779
FL100201,2025-05-31,MoroccoFly,A320,CN-911,CMN,TNG,1207.3,137,41,0,32725,415,3015.1,9527.7,0.82,187,0,33.27678010269316,-7.005156614367143
FL100202,2025-08-19,SkyEagle,B787,CN-227,ORY,AGA,2106.5,188,43,0,31724,494,6018.9,19019.7,0.71,273,0,44.90658065919707,0.3382541433637556
FL100203,2025-08-25,EuroWings+,E190,CN-512,ORY,LHR,884.4,83,33,0,37137,487,2062.0,6515.9,0.84,223,0,50.01572039425198,0.6848196668322182
FL100204,2025-05-23,SkyEagle,B787,CN-182,IST,AGA,1857.2,199,11,0,34011,486,5257.1,16612.4,0.78,259,0,40.87325604022207,25.932466741242525
FL100205,2025-06-20,SaharaJet,A320,CN-430,LHR,MAD,2021.2,168,25,0,34707,424,4630.6,14632.7,0.82,155,0,45.56778801234677,-2.6068060753201046
FL100206,2025-01-29,SaharaJet,A330,CN-334,CMN,RAK,2173.2,196,51,0,36160,504,5638.2,17816.7,0.9,249,0,32.8753102961467,-7.996795494216862
FL100207,2025-02-05,RoyalMaghreb,B787,CN-788,CMN,IST,987.6,95,4,1,34380,478,2537.5,8018.5,0.87,266,0,34.37481230075906,-5.803200589077047
FL100208,2025-01-13,SkyEagle,B787,CN-874,CMN,IST,1164.7,98,55,0,40887,450,3130.6,9892.7,0.72,266,0,38.02504975125612,15.627141152990525
FL100209,2025-06-09,MoroccoFly,B737,CN-285,IST,TNG,1561.4,146,63,0,36569,516,4199.7,13271.1,0.85,173,1,37.5358888113714,10.07809745785138
FL100210,2025-03-12,SaharaJet,B737,CN-581,IST,CMN,1944.8,213,0,1,40266,528,4761.7,15047.0,0.76,155,0,34.40653902808737,-3.0254933030267157
FL100211,2025-07-06,SkyEagle,B737,CN-786,MAD,TNG,2057.3,178,9,0,32313,499,5681.9,17954.8,0.84,184,1,38.11066144331557,-4.7153488992724455
FL100212,2025-08-31,AtlasAir,A321,CN-810,MAD,AGA,1676.5,202,0,0,34469,372,4003.4,12650.7,0.68,226,0,36.85715580095999,-5.698491719996547
FL100213,2025-03-27,EuroWings+,A330,CN-878,LHR,IST,1571.1,166,3,0,33861,466,3833.2,12112.9,0.82,214,0,45.60988071939345,16.085471833737472
FL100214,2025-01-28,SaharaJet,A320,CN-422,IST,CMN,1910.3,222,85,0,34713,361,4312.7,13628.1,0.67,148,0,40.454820139416114,25.975279059147173
FL100215,2025-03-07,SkyEagle,A330,CN-513,RAK,IST,2125.1,199,59,0,33757,490,5475.6,17302.9,0.8,265,0,36.31548058542752,10.47395721337739
FL100216,2025-06-19,SaharaJet,A320,CN-155,IST,AGA,2548.1,269,16,0,29888,403,6415.7,20273.6,0.78,170,0,30.934550502728783,-7.937004792434832
FL100217,2025-02-14,MoroccoFly,B787,CN-874,MAD,ORY,1589.3,150,85,0,28709,493,4232.5,13374.7,0.84,207,0,42.58894919986574,-2.0673412874287544
FL100218,2025-03-03,EuroWings+,E190,CN-152,IST,LHR,1471.0,125,38,1,31685,461,3622.0,11445.5,0.78,275,0,47.065375087619834,12.626435380549088
FL100219,2025-07-04,MoroccoFly,A330,CN-548,TNG,AGA,2112.0,237,0,0,33918,476,5035.6,15912.5,0.86,276,0,34.27944073804902,-6.623877520626668
FL100220,2025-09-02,RoyalMaghreb,B737,CN-745,RAK,CMN,1781.4,152,0,0,32190,416,4216.0,13322.6,0.81,186,0,32.93254652187799,-8.060809429926685
FL100221,2025-05-14,SaharaJet,A321,CN-664,TNG,AGA,2963.5,246,0,0,38514,431,6873.9,21721.5,0.83,176,0,30.960379568081795,-7.922688396594164
FL100222,2025-01-28,AtlasAir,B787,CN-330,LHR,CMN,549.5,48,61,0,34863,428,1300.3,4108.9,0.84,213,0,48.6956584464683,-1.8384111244969359
FL100223,2025-01-28,AtlasAir,B737,CN-952,RAK,LHR,2657.5,312,2,0,37262,394,6898.9,21800.5,0.81,180,0,32.01680758691477,-7.502301573991497
FL100224,2025-04-18,MoroccoFly,B737,CN-822,ORY,MAD,1368.7,145,36,0,35275,462,3905.2,12340.4,0.88,116,0,46.202568162238414,0.6531115259011416
FL100225,2025-02-13,SkyEagle,B737,CN-349,IST,AGA,1222.4,103,0,0,37973,501,3222.1,10181.8,0.77,153,0,38.704627204237894,18.64171876288829
FL100226,2025-03-25,EuroWings+,B787,CN-295,TNG,ORY,2184.3,264,13,0,35972,392,5035.5,15912.2,0.82,254,0,39.55526529710314,-3.982227870979286
FL100227,2025-01-30,SaharaJet,B787,CN-171,TNG,IST,2294.8,222,38,1,36698,484,5138.0,16236.1,0.74,292,0,40.96235913148463,24.410020446737875
FL100228,2025-07-09,SkyEagle,B737,CN-619,MAD,IST,1305.3,149,2,0,38669,437,2981.2,9420.6,0.84,211,0,41.09469395805525,11.871213078216028
FL100229,2025-03-16,SkyEagle,A320,CN-405,ORY,LHR,1074.6,126,12,0,34168,485,2915.4,9212.7,0.86,165,0,50.49934229546958,0.8604277766870967
FL100230,2025-05-08,SaharaJet,B787,CN-252,IST,LHR,807.1,100,0,0,34631,454,2101.4,6640.4,0.74,237,1,43.496953624988535,22.269842183974124
FL100231,2025-09-07,EuroWings+,B787,CN-440,IST,TNG,2054.0,244,70,0,29767,479,5867.9,18542.6,0.67,214,0,40.844247062133185,27.479520501571876
FL100232,2025-09-04,SaharaJet,B787,CN-429,LHR,AGA,2133.9,236,0,0,38248,426,5920.6,18709.1,0.65,230,0,34.10974770975642,-7.863536321058144
FL100233,2025-04-02,MoroccoFly,E190,CN-492,AGA,MAD,1759.0,177,0,0,33333,384,4865.3,15374.3,0.79,274,0,33.45962975860336,-7.503414364597231
FL100234,2025-08-05,MoroccoFly,B737,CN-862,CMN,AGA,1494.1,150,18,0,36360,400,4302.8,13596.8,0.96,174,0,32.176749994361785,-8.623376447687505
FL100235,2025-08-19,EuroWings+,E190,CN-779,LHR,AGA,1907.9,229,30,0,28444,507,5310.7,16781.8,0.85,275,0,45.984347768013485,-2.97693356160748
FL100236,2025-07-09,RoyalMaghreb,A321,CN-229,IST,CMN,2841.0,267,0,0,31393,430,6562.0,20735.9,0.72,231,0,36.867963886026914,8.030865671175578
FL100237,2025-08-13,SaharaJet,B787,CN-202,MAD,IST,2012.1,171,11,1,39111,521,4994.6,15782.9,0.84,288,0,41.042414322233675,10.445502002202575
FL100238,2025-05-09,EuroWings+,A320,CN-839,IST,CMN,1940.4,190,11,0,29098,394,5511.8,17417.3,0.87,145,0,37.40453045237993,9.534659837077287
FL100239,2025-05-01,MoroccoFly,B737,CN-580,TNG,CMN,1664.6,183,15,0,39522,415,4065.1,12845.7,0.9,177,0,34.57057138596408,-6.329708397335118
FL100240,2025-01-27,SkyEagle,A330,CN-182,LHR,MAD,2789.7,259,44,0,31120,478,6737.2,21289.6,0.64,277,0,50.038906303483664,-1.1281105148362753
FL100241,2025-07-09,SkyEagle,E190,CN-741,LHR,TNG,1295.7,160,12,0,31601,467,3062.6,9677.8,0.86,229,0,44.29095732348191,-2.3510658438646814
FL100242,2025-05-01,RoyalMaghreb,B737,CN-170,CMN,MAD,1843.6,229,7,0,34732,448,4815.2,15216.0,0.85,157,0,35.01713994879837,-6.200460528550605
FL100243,2025-04-26,MoroccoFly,E190,CN-864,ORY,RAK,1655.0,162,37,0,38630,436,4574.2,14454.5,0.76,218,0,32.76502887044656,-7.580343493152207
FL100244,2025-07-24,AtlasAir,B737,CN-748,RAK,IST,2305.2,276,8,0,26279,431,5611.0,17730.8,0.87,88,0,37.311137632265094,13.215031691039556
FL100245,2025-08-21,RoyalMaghreb,A320,CN-810,IST,RAK,1696.8,187,13,0,40094,406,3800.4,12009.3,0.81,147,0,38.99785168431992,21.860585300296638
FL100246,2025-01-03,SkyEagle,A320,CN-915,CMN,AGA,1198.7,124,0,0,37925,475,3201.8,10117.7,0.79,195,0,31.542712943222647,-9.277781304006586
FL100247,2025-04-13,AtlasAir,A330,CN-541,MAD,TNG,1574.0,131,12,0,36815,505,4099.4,12954.1,0.79,261,0,37.072496704105426,-5.584147716996744
FL100248,2025-07-17,MoroccoFly,A321,CN-798,LHR,ORY,2227.6,195,0,0,35555,471,6184.5,19543.0,0.94,248,0,49.42118880600351,1.647470650080267
FL100249,2025-07-19,MoroccoFly,A321,CN-724,TNG,CMN,2151.8,255,8,0,33640,494,5752.9,18179.2,0.95,285,0,33.87241060461587,-7.0366952656891515
FL100250,2025-06-04,EuroWings+,B787,CN-697,AGA,ORY,1358.8,126,36,0,39111,484,3197.4,10103.8,0.91,249,0,43.74628451821953,-1.3900811662564831
FL100251,2025-05-17,MoroccoFly,A321,CN-360,IST,MAD,1674.6,169,31,0,34443,433,3716.7,11744.8,0.73,297,0,41.42489374475366,22.72393008302736
FL100252,2025-03-03,EuroWings+,A330,CN-576,CMN,IST,1910.8,186,41,0,29994,502,5430.7,17161.0,0.73,231,0,36.253347661283705,3.141774313936699
FL100253,2025-06-14,SkyEagle,E190,CN-552,TNG,CMN,1866.8,174,21,0,34653,462,4108.3,12982.2,0.75,218,0,34.16028772061959,-6.963171939911795
FL100254,2025-08-13,SkyEagle,B787,CN-534,ORY,LHR,1257.2,117,47,0,32365,431,2849.0,9002.8,0.76,248,0,50.61221090400615,0.39682188043851085
FL100255,2025-02-20,RoyalMaghreb,A330,CN-409,IST,LHR,1021.5,126,0,0,36825,588,2308.1,7293.6,0.65,266,0,45.13004336572524,17.329128834912627
FL100256,2025-08-22,MoroccoFly,B737,CN-342,IST,CMN,1423.4,163,10,1,39255,325,4001.8,12645.7,0.78,190,0,38.443626876305494,14.45364519338523
FL100257,2025-06-21,EuroWings+,B787,CN-402,MAD,ORY,1324.6,125,8,0,40196,485,3563.8,11261.6,0.86,250,0,46.142996850101206,0.9118684094932508
FL100258,2025-06-01,RoyalMaghreb,A330,CN-774,CMN,IST,3051.6,267,0,0,34838,400,7964.4,25167.5,0.75,242,0,34.55420685965635,-3.073787162555122
FL100259,2025-07-26,EuroWings+,A330,CN-985,CMN,MAD,2194.4,194,0,0,40912,449,5215.3,16480.3,0.89,193,0,39.59872172238021,-4.154374136773448
FL100260,2025-02-28,RoyalMaghreb,E190,CN-863,CMN,MAD,2639.8,267,0,0,36508,539,6470.1,20445.5,0.79,235,0,38.722875931443056,-5.113431670635821
FL100261,2025-04-28,EuroWings+,A330,CN-921,AGA,MAD,2655.5,270,3,0,35654,401,7644.0,24155.0,0.77,235,0,35.596240117148035,-6.74615254684069
FL100262,2025-06-09,SkyEagle,A321,CN-356,AGA,MAD,1108.0,130,0,0,29618,382,2949.3,9319.8,0.98,216,0,38.633771548295115,-4.497687978789913
FL100263,2025-04-06,RoyalMaghreb,E190,CN-199,TNG,LHR,3266.7,316,4,0,32499,431,8082.7,25541.3,0.86,218,0,37.29841627796692,-5.239816585049626
FL100264,2025-08-04,RoyalMaghreb,E190,CN-907,CMN,AGA,1927.5,205,43,0,32551,453,5004.1,15813.0,0.8,264,0,32.86448760302296,-8.19611369099142
FL100265,2025-08-21,EuroWings+,A320,CN-234,MAD,LHR,1346.2,114,22,0,38607,465,3037.2,9597.6,0.98,147,0,49.14728604697582,-1.1566053720787415
FL100266,2025-06-29,AtlasAir,A330,CN-525,MAD,LHR,2061.6,199,0,1,34332,552,5703.9,18024.3,0.77,265,0,44.930238424917995,-1.7355994899771119
FL100267,2025-04-23,MoroccoFly,A321,CN-652,TNG,IST,1879.0,161,3,0,34119,377,4197.4,13263.8,0.85,252,0,37.75653017945068,6.73661733170492
FL100268,2025-03-03,SkyEagle,B787,CN-268,ORY,IST,2066.5,185,45,0,36566,445,5329.1,16840.0,0.71,255,0,44.87751205034737,17.614731231442867
FL100269,2025-08-29,SkyEagle,B737,CN-991,ORY,LHR,873.4,81,21,0,31351,439,2034.2,6428.1,0.78,122,0,48.93708463719927,1.8680643337897131
FL100270,2025-07-05,SkyEagle,A320,CN-244,IST,CMN,2453.3,285,8,0,40087,544,6905.0,21819.8,0.86,162,0,41.11784687648109,25.360133319586847
FL100271,2025-02-21,MoroccoFly,E190,CN-923,LHR,IST,1507.2,181,38,0,30087,455,3693.7,11672.1,0.9,176,0,51.773324559786715,0.08386267957379923
FL100272,2025-01-12,SaharaJet,A330,CN-504,RAK,IST,1618.7,167,0,0,31968,424,3672.6,11605.4,0.83,255,0,34.23308304610126,3.3924037823819777
FL100273,2025-02-08,AtlasAir,A330,CN-477,RAK,ORY,2172.4,213,44,0,32307,384,5969.2,18862.7,0.82,241,0,38.538928526807275,-3.8952728359755726
FL100274,2025-05-10,RoyalMaghreb,E190,CN-490,ORY,MAD,2100.1,224,4,0,40136,362,5844.3,18468.0,0.85,248,0,42.93806533185162,-2.052506742144467
FL100275,2025-05-11,RoyalMaghreb,A330,CN-339,RAK,LHR,474.0,47,45,1,36195,408,1174.1,3710.2,0.77,204,0,40.66721355534421,-4.683502116268377
FL100276,2025-04-23,EuroWings+,A320,CN-326,MAD,ORY,2698.5,312,64,0,41287,529,6333.5,20013.9,0.92,141,0,42.81152976608125,-1.4758463804375133
FL100277,2025-04-11,RoyalMaghreb,A320,CN-409,IST,MAD,2194.2,210,38,0,33805,419,5470.9,17288.0,0.85,235,0,40.703182116274206,28.523498959875695
FL100278,2025-04-23,RoyalMaghreb,B737,CN-146,RAK,TNG,2184.3,251,21,0,35698,412,5647.3,17845.5,0.87,84,0,32.69649522839558,-7.564830764935004
FL100279,2025-07-03,AtlasAir,A330,CN-199,IST,CMN,2551.9,262,27,0,35433,491,5937.0,18760.9,0.75,220,0,39.47925556226723,18.008807537409474
FL100280,2025-03-22,MoroccoFly,B787,CN-564,TNG,ORY,2952.2,354,0,0,35213,385,6937.1,21921.2,0.76,193,0,36.30813399444731,-5.447125843707877
FL100281,2025-07-06,SkyEagle,E190,CN-860,LHR,ORY,1735.6,169,42,0,36439,459,5029.5,15893.2,0.74,270,0,51.43564840293876,-0.3830655724518661
FL100282,2025-04-23,RoyalMaghreb,A321,CN-201,LHR,MAD,1305.6,152,0,0,41149,450,3090.9,9767.2,0.88,263,0,47.121304680402936,-1.673823964122255
FL100283,2025-01-02,EuroWings+,B787,CN-133,LHR,TNG,2402.6,217,0,0,34714,470,5505.6,17397.7,0.92,266,0,47.62057765179919,-1.5699829524123796
FL100284,2025-05-10,RoyalMaghreb,A330,CN-555,AGA,ORY,2938.7,267,0,0,30371,418,6873.7,21720.9,0.83,242,0,43.6947986779997,-0.9007368268650409
FL100285,2025-08-08,MoroccoFly,A330,CN-476,RAK,LHR,1786.2,211,0,0,37970,420,5024.3,15876.8,0.88,227,0,46.92867043493926,-2.486412599022532
FL100286,2025-02-23,SaharaJet,E190,CN-507,MAD,CMN,1889.6,202,27,0,35481,560,4315.8,13637.9,0.9,221,0,39.45805470233024,-4.011771860884119
FL100287,2025-03-28,SkyEagle,A321,CN-943,RAK,IST,2521.8,224,37,1,37450,428,5780.5,18266.4,0.9,266,0,34.02318849229733,1.265269289404151
FL100288,2025-08-17,EuroWings+,A320,CN-754,AGA,LHR,1843.9,186,14,0,31641,430,5136.3,16230.7,0.71,166,0,40.874440077233736,-4.145704558035927
FL100289,2025-08-12,SaharaJet,A320,CN-441,CMN,IST,2027.3,187,27,0,36419,496,5449.2,17219.5,0.89,150,0,34.53609245592394,-3.5659131574342475
FL100290,2025-08-13,MoroccoFly,A321,CN-949,AGA,CMN,2439.1,268,54,0,34578,465,6690.1,21140.7,0.74,230,0,31.962627598037663,-8.354257862383617
FL100291,2025-05-09,SaharaJet,A321,CN-990,AGA,IST,979.0,97,0,0,35045,502,2501.9,7906.0,0.81,236,0,36.344101150345644,12.767250750366086
FL100292,2025-05-27,MoroccoFly,A330,CN-710,TNG,IST,1426.8,126,32,0,31400,334,3395.2,10728.8,0.83,289,0,39.024258638241385,14.747859416656508
FL100293,2025-05-06,AtlasAir,A330,CN-653,TNG,RAK,1663.0,202,33,0,30772,429,3658.9,11562.1,0.76,255,0,35.54487199458673,-6.009763564241722
FL100294,2025-05-10,SkyEagle,A321,CN-987,RAK,LHR,1202.9,119,13,0,39286,376,3251.6,10275.1,0.81,226,0,38.956402682435005,-5.630602459115225
FL100295,2025-02-22,AtlasAir,A321,CN-908,CMN,AGA,2483.0,216,18,0,34362,525,7181.4,22693.2,0.85,239,0,32.678848095497536,-8.037722171023805
FL100296,2025-06-21,MoroccoFly,B787,CN-278,MAD,CMN,1214.8,151,50,0,36994,422,2959.4,9351.7,0.73,216,0,40.05837100071672,-4.233255203779347
FL100297,2025-08-06,SkyEagle,A320,CN-531,TNG,LHR,1404.6,147,0,0,34952,495,3414.7,10790.5,0.81,150,0,40.910320446897984,-4.331841513843008
FL100298,2025-06-09,SaharaJet,A320,CN-559,RAK,ORY,1989.8,234,0,0,35543,515,4486.0,14175.8,0.8,166,0,32.304289584090164,-7.877921538894015
FL100299,2025-07-17,SkyEagle,B787,CN-615,RAK,ORY,1416.5,154,0,0,37798,338,3274.7,10348.1,0.75,255,0,40.41884926877368,-2.5503685294679683
FL100300,2025-06-09,MoroccoFly,B787,CN-902,CMN,LHR,1203.7,118,28,0,31206,360,2681.6,8473.9,0.81,252,0,36.77675742732256,-6.352029522797631
FL100301,2025-09-04,RoyalMaghreb,B787,CN-758,ORY,AGA,2042.1,242,4,1,38944,421,4982.3,15744.1,0.73,254,0,31.81908186887164,-8.53844893803252
FL100302,2025-03-09,AtlasAir,A320,CN-511,IST,LHR,1678.5,181,4,0,32089,430,4393.5,13883.5,0.78,195,0,43.03403847605781,22.691934690649997
FL100303,2025-07-02,EuroWings+,E190,CN-829,RAK,ORY,2510.0,232,59,0,33537,476,6346.1,20053.7,0.78,254,0,47.121207183069124,0.835740057207059
FL100304,2025-07-22,EuroWings+,A320,CN-722,RAK,AGA,1580.7,151,14,0,32828,440,3640.4,11503.7,0.78,152,0,31.280760235829014,-8.058265061894403
FL100305,2025-07-03,MoroccoFly,A320,CN-739,TNG,AGA,2083.8,240,12,1,36988,409,5381.6,17005.9,0.83,189,0,34.34184493211862,-7.04333773914757
FL100306,2025-05-03,RoyalMaghreb,B787,CN-711,MAD,AGA,1356.4,114,47,0,37850,462,3031.1,9578.3,0.8,189,0,32.88071056231847,-7.678247076586898
FL100307,2025-05-25,SaharaJet,A330,CN-719,IST,ORY,1978.4,202,15,0,37094,437,5140.5,16244.0,0.88,257,0,44.37904496752557,17.609179368695916
FL100308,2025-02-07,EuroWings+,A320,CN-770,RAK,IST,2636.1,234,35,0,33331,443,6540.9,20669.2,0.78,218,0,34.71235417588975,5.239278519249617
FL100309,2025-01-24,RoyalMaghreb,B787,CN-562,AGA,ORY,1978.3,224,58,0,34650,533,4651.3,14698.1,0.81,256,0,47.402500448375115,1.2433073102224266
FL100310,2025-03-10,MoroccoFly,B737,CN-564,MAD,IST,1592.1,187,0,0,37880,473,4116.4,13007.8,0.86,138,0,40.49036418948737,20.319914621990655
FL100311,2025-04-26,EuroWings+,B737,CN-537,RAK,AGA,1457.2,125,22,0,38024,422,3815.1,12055.7,0.77,88,0,31.332337348394788,-8.375962164384088
FL100312,2025-04-08,SkyEagle,E190,CN-256,ORY,TNG,1632.0,188,0,0,41552,478,3814.9,12055.1,0.87,183,0,40.23223992566273,-3.1788083588132556
FL100313,2025-07-17,RoyalMaghreb,B737,CN-951,RAK,CMN,1999.9,197,22,0,33898,414,5145.3,16259.1,0.98,198,0,32.37973415907006,-7.840699965182333
FL100314,2025-08-02,AtlasAir,A320,CN-862,LHR,CMN,2013.4,182,22,0,36704,397,5308.1,16773.6,0.8,235,0,44.992065856865565,-2.81362641674945
FL100315,2025-05-19,RoyalMaghreb,A330,CN-161,TNG,MAD,1486.9,178,30,0,32719,546,3559.1,11246.8,0.66,262,0,39.485603067083936,-3.734518512225076
FL100316,2025-08-28,SaharaJet,B787,CN-225,MAD,LHR,553.3,47,9,0,39930,468,1405.1,4440.1,0.98,251,0,45.56148978044419,-2.0968340093514857
FL100317,2025-05-24,EuroWings+,A330,CN-838,LHR,IST,1371.0,136,2,0,35354,416,3130.5,9892.4,0.81,222,0,48.63558142669641,7.180626309285884
FL100318,2025-04-07,AtlasAir,A330,CN-206,ORY,TNG,3102.0,301,0,0,32964,434,7620.8,24081.7,0.84,230,1,36.199984033543394,-5.363800658349911
FL100319,2025-07-20,SaharaJet,B787,CN-772,AGA,RAK,1161.5,110,42,0,39862,444,2784.4,8798.7,0.86,233,0,31.008962271856596,-8.51471521410033
FL100320,2025-05-04,EuroWings+,A321,CN-965,RAK,AGA,830.5,88,25,0,37102,590,1884.9,5956.3,0.93,191,0,30.768462774423018,-8.763876461408383
FL100321,2025-07-06,SaharaJet,A330,CN-385,RAK,IST,1932.5,174,0,0,35986,492,5467.9,17278.6,0.74,249,0,33.611705845647975,-0.5254515726726265
FL100322,2025-03-11,SaharaJet,A321,CN-674,LHR,IST,1086.5,124,44,0,30387,442,2859.2,9035.1,0.81,232,0,49.87237856436129,3.7570461530732984
FL100323,2025-07-27,SaharaJet,B787,CN-773,CMN,MAD,1555.6,151,54,0,34823,424,4311.5,13624.3,0.89,242,0,38.93173023499579,-3.821310935576926
FL100324,2025-04-03,RoyalMaghreb,A330,CN-379,CMN,TNG,1731.9,185,23,0,36786,420,4705.6,14869.7,0.81,221,0,34.449562313786004,-7.228291874866823
FL100325,2025-01-03,RoyalMaghreb,A330,CN-106,MAD,TNG,2432.9,278,13,1,32971,395,6640.2,20983.0,0.94,194,0,36.87662231318028,-5.8769008601321175
FL100326,2025-05-28,MoroccoFly,A321,CN-245,LHR,CMN,1527.1,159,0,0,37873,460,3521.9,11129.2,0.95,270,0,38.819222246777684,-6.243113012783327
FL100327,2025-07-06,RoyalMaghreb,E190,CN-864,CMN,RAK,1630.9,172,20,1,35199,314,4626.8,14620.7,0.87,289,0,31.390023503750594,-8.764945015647957
FL100328,2025-06-13,SaharaJet,A321,CN-564,LHR,AGA,2033.0,188,15,0,34818,506,4570.5,14442.8,0.64,279,0,47.22346147419747,-1.9030998863526947
FL100329,2025-05-27,SkyEagle,A321,CN-838,MAD,TNG,682.8,69,20,0,32146,419,1563.9,4941.9,0.9,218,0,39.24747936061842,-4.386643302388325
FL100330,2025-03-31,SkyEagle,B787,CN-259,RAK,CMN,1694.8,141,30,0,40440,432,4895.5,15469.8,0.74,269,0,31.64685128198063,-8.351103485747007
FL100331,2025-07-14,MoroccoFly,B787,CN-183,CMN,LHR,1014.7,125,66,0,34520,496,2612.8,8256.4,0.63,225,0,49.87912143316662,-1.6808212374470286
FL100332,2025-05-27,SkyEagle,B737,CN-721,LHR,AGA,200.0,21,32,1,35730,395,479.6,1515.5,0.77,112,2,50.06960148466627,-0.9019252892768623
FL100333,2025-05-28,EuroWings+,B737,CN-873,ORY,RAK,1676.9,166,0,0,33257,437,4045.0,12782.2,0.88,104,0,48.63110266104859,2.482492085482724
FL100334,2025-04-06,SaharaJet,A320,CN-213,MAD,AGA,2914.0,266,5,1,35973,359,7498.6,23695.6,0.73,149,1,32.56688172251786,-8.566833356203531
FL100335,2025-07-18,SkyEagle,E190,CN-783,IST,ORY,1946.5,180,0,0,38859,419,4514.6,14266.1,0.69,204,0,47.53070548371885,8.108781963253806
FL100336,2025-02-21,SkyEagle,A320,CN-713,AGA,ORY,694.9,61,40,0,35075,372,1655.6,5231.7,0.59,177,1,41.15119883118932,-2.617595246615684
FL100337,2025-08-21,AtlasAir,A320,CN-316,AGA,TNG,2778.9,292,33,0,28216,404,7800.3,24648.9,0.88,151,1,32.80768280688703,-8.461407742800144
FL100338,2025-06-10,MoroccoFly,A330,CN-222,ORY,TNG,1127.3,102,41,0,34603,423,2758.9,8718.1,0.81,180,0,45.8283615966023,0.14726572581572006
FL100339,2025-06-17,AtlasAir,B737,CN-232,LHR,RAK,1973.8,220,19,0,37279,526,4464.7,14108.5,0.78,165,0,36.93220763069683,-6.190897281681646
FL100340,2025-05-08,EuroWings+,B787,CN-672,AGA,MAD,909.6,106,12,1,38619,373,2347.9,7419.4,0.79,219,0,32.98679715895663,-8.378927308594141
FL100341,2025-02-08,RoyalMaghreb,A330,CN-982,RAK,ORY,1448.8,151,0,1,31588,405,3700.6,11693.9,0.86,251,0,37.42500194643261,-3.9516545589928227
FL100342,2025-03-23,RoyalMaghreb,A320,CN-570,LHR,CMN,1892.7,235,9,0,38660,396,5179.1,16366.0,0.89,142,0,43.66995743103817,-3.31002142841828
FL100343,2025-04-14,AtlasAir,A330,CN-514,LHR,ORY,2450.4,210,58,0,36266,527,5861.9,18523.6,0.65,230,0,49.612684815712306,2.3723937766400507
FL100344,2025-05-09,RoyalMaghreb,E190,CN-217,LHR,TNG,1407.7,157,18,0,32178,421,3593.6,11355.8,0.73,214,0,49.19080312654089,-1.0870060729709765
FL100345,2025-01-11,EuroWings+,A320,CN-920,MAD,RAK,2189.7,197,32,0,38105,472,5702.2,18019.0,0.77,222,0,39.96569315885255,-3.647672378777068
FL100346,2025-08-08,SaharaJet,B737,CN-547,MAD,CMN,754.7,74,4,0,37983,482,1746.6,5519.3,0.83,191,0,39.98067647392685,-3.882371324856056
FL100347,2025-07-04,AtlasAir,A321,CN-510,LHR,ORY,2055.4,247,45,0,33781,419,5075.8,16039.5,0.83,257,0,49.6161795959979,1.3988053981034647
FL100348,2025-08-05,SaharaJet,A320,CN-417,LHR,IST,2303.8,246,0,1,32297,401,6569.2,20758.7,0.88,175,1,41.90851159168375,28.42598483377941
FL100349,2025-06-27,RoyalMaghreb,A330,CN-897,AGA,TNG,2011.4,168,0,1,33375,446,4935.1,15594.9,0.86,266,0,30.305120792681993,-9.969872318025578
FL100350,2025-05-31,MoroccoFly,A320,CN-622,RAK,MAD,1920.3,207,33,0,33947,339,4702.2,14859.0,0.91,197,0,33.75564124715089,-6.948584653688034
FL100351,2025-06-08,MoroccoFly,A330,CN-938,MAD,LHR,1606.8,154,20,0,34621,498,4051.6,12803.1,0.84,223,0,43.51490004252145,-2.8825424892790017
FL100352,2025-08-10,RoyalMaghreb,A321,CN-249,AGA,CMN,1595.6,156,30,0,36655,484,3564.9,11265.1,0.8,275,0,32.0477897797218,-8.512405977687106
FL100353,2025-02-11,SkyEagle,A321,CN-256,TNG,MAD,1035.8,118,26,0,35372,418,2888.0,9126.1,0.92,248,0,36.92047153194461,-4.894557964541584
FL100354,2025-04-09,RoyalMaghreb,A320,CN-743,TNG,IST,2513.2,229,64,0,33259,392,5750.8,18172.5,0.85,135,0,40.710164387521885,27.59008434633208
FL100355,2025-01-07,EuroWings+,B737,CN-678,IST,MAD,2920.3,262,49,0,36913,472,7009.7,22150.7,0.71,191,0,40.87560200063377,27.74806601036883
FL100356,2025-05-24,RoyalMaghreb,E190,CN-742,MAD,IST,1292.9,144,31,0,36262,421,3297.5,10420.1,0.72,260,0,41.45087270913185,18.67766784720648
FL100357,2025-03-31,SkyEagle,A321,CN-580,IST,CMN,1495.4,155,0,1,31907,397,3660.9,11568.4,0.69,252,0,39.37043877946002,19.168876860900134
FL100358,2025-04-22,EuroWings+,E190,CN-381,ORY,IST,2194.7,204,16,0,33232,403,4971.1,15708.7,0.93,229,0,47.40765076930521,5.9774791579042
FL100359,2025-09-06,SaharaJet,A320,CN-175,MAD,ORY,2608.0,256,0,0,38101,523,6223.4,19665.9,0.82,143,0,45.32142830706389,-0.4414145253505735
FL100360,2025-09-01,SkyEagle,B737,CN-158,IST,CMN,2245.5,266,2,0,34343,488,5931.3,18742.9,0.68,102,0,35.28461927256414,1.0181201314475714
FL100361,2025-03-01,SkyEagle,A330,CN-984,RAK,LHR,1268.2,153,39,0,35698,486,3430.1,10839.1,0.89,211,0,38.76026501051711,-5.08256430116528
FL100362,2025-04-23,AtlasAir,B787,CN-694,LHR,AGA,1477.4,139,34,0,32311,460,3267.8,10326.2,0.8,253,0,30.13283684243488,-9.660299936407458
FL100363,2025-01-02,SaharaJet,E190,CN-929,CMN,ORY,1933.3,165,19,0,33816,465,5576.2,17620.8,0.77,231,0,45.6723466042752,0.4781838809840144
FL100364,2025-05-09,SaharaJet,E190,CN-719,AGA,TNG,1093.8,126,63,1,33300,491,2460.1,7773.9,0.88,244,0,35.41133338579415,-6.604226508356139
FL100365,2025-02-17,EuroWings+,B787,CN-561,TNG,CMN,1338.3,141,31,0,34409,419,3445.2,10886.8,0.82,244,0,34.834014469889084,-6.24660458203517
FL100366,2025-05-20,AtlasAir,A330,CN-761,RAK,MAD,1670.4,160,41,0,31723,437,3784.3,11958.4,0.76,219,0,34.06790156338612,-6.597332762194081
FL100367,2025-07-16,MoroccoFly,A320,CN-548,AGA,LHR,1640.6,148,43,0,31486,563,4204.3,13285.6,0.82,156,0,39.4195594904447,-5.215556809643437
FL100368,2025-02-06,EuroWings+,B787,CN-481,TNG,AGA,2013.8,227,49,0,38288,471,5016.1,15850.9,0.87,228,0,32.872307385304694,-7.501256052961673
FL100369,2025-06-09,SkyEagle,B737,CN-446,LHR,IST,921.2,76,50,0,43306,420,2617.7,8271.9,0.8,201,0,45.06689078644796,16.651242305866564
FL100370,2025-09-04,RoyalMaghreb,B787,CN-746,CMN,IST,830.0,71,12,0,35136,481,2192.9,6929.6,0.73,243,0,33.87690822181479,-3.3554176356012437
FL100371,2025-01-09,RoyalMaghreb,A330,CN-196,RAK,AGA,1385.2,159,35,0,35592,470,3453.6,10913.4,0.75,241,1,30.94832432159465,-9.443210110229087
FL100372,2025-08-21,SaharaJet,E190,CN-358,LHR,TNG,2088.2,232,0,0,37078,505,5492.2,17355.4,0.73,216,1,45.60906083081758,-2.242314678857019
FL100373,2025-04-09,RoyalMaghreb,E190,CN-183,TNG,AGA,1395.4,152,0,0,31185,387,3076.8,9722.7,0.9,255,0,35.01744558802814,-6.093354441778861
FL100374,2025-05-27,SaharaJet,E190,CN-417,TNG,AGA,1875.8,203,6,0,36998,478,4652.4,14701.6,0.81,257,0,33.260067293025784,-7.444334960793805
FL100375,2025-02-17,RoyalMaghreb,E190,CN-709,LHR,RAK,2139.8,187,4,0,35379,391,5570.0,17601.2,0.88,243,0,35.13733386365863,-6.782758223598375
FL100376,2025-07-27,RoyalMaghreb,A320,CN-485,ORY,MAD,1751.4,211,0,0,39778,450,4448.2,14056.3,0.85,131,0,41.19986407283182,-2.6954813543985994
FL100377,2025-05-11,RoyalMaghreb,A330,CN-819,TNG,LHR,1813.3,218,31,0,37305,418,5027.2,15886.0,0.82,252,0,47.63053535921751,-2.126802047442478
FL100378,2025-05-28,RoyalMaghreb,E190,CN-786,RAK,LHR,1279.0,132,20,0,34292,429,3597.1,11366.8,0.85,220,0,44.33962552758787,-3.4886621001097717
FL100379,2025-06-01,EuroWings+,B787,CN-471,MAD,CMN,2196.7,245,0,0,35783,501,5028.1,15888.8,0.73,232,0,35.085224448162926,-6.910645799533331
FL100380,2025-02-23,SkyEagle,A321,CN-884,AGA,TNG,2187.4,215,18,0,34927,510,5534.7,17489.7,0.92,238,0,32.474377172293806,-8.630073364155281
FL100381,2025-04-30,EuroWings+,A321,CN-258,AGA,RAK,896.8,80,28,0,32800,434,2122.9,6708.4,0.81,247,0,31.06139188909112,-9.363657227046133
FL100382,2025-06-10,AtlasAir,A330,CN-889,RAK,MAD,569.8,58,36,1,30813,414,1350.6,4267.9,0.95,232,0,37.877940818323616,-4.962746689071847
FL100383,2025-06-01,SaharaJet,E190,CN-444,CMN,LHR,1394.8,136,46,0,33934,470,3922.2,12394.2,0.93,213,0,49.71927438512231,-1.1808140290200584
FL100384,2025-04-26,SaharaJet,A321,CN-266,LHR,RAK,1292.6,147,17,1,34812,462,3679.1,11626.0,0.68,249,0,38.26866196104302,-5.406498080852846
FL100385,2025-03-16,MoroccoFly,E190,CN-548,TNG,LHR,1830.3,198,55,0,32495,377,4995.7,15786.4,0.76,242,0,37.54360265951224,-5.400394811880265
FL100386,2025-04-23,AtlasAir,B737,CN-836,MAD,LHR,2499.8,253,31,0,33314,473,6396.0,20211.4,0.98,152,0,46.657458753420535,-1.742662089903624
FL100387,2025-07-19,MoroccoFly,B737,CN-866,ORY,IST,1393.7,122,28,0,31860,408,3429.3,10836.6,0.81,109,0,41.40461247982989,28.231297386613075
FL100388,2025-06-13,EuroWings+,A321,CN-928,AGA,TNG,3646.1,355,52,0,33175,399,9536.2,30134.4,0.79,232,1,30.618983010865744,-9.152087275220362
FL100389,2025-06-15,EuroWings+,A321,CN-684,MAD,LHR,1353.3,157,7,0,38618,480,3865.2,12214.0,0.75,254,0,49.50294662617847,-0.46166897530987794
FL100390,2025-04-14,EuroWings+,B737,CN-491,ORY,IST,1936.5,231,33,1,32533,389,4805.6,15185.7,0.82,140,0,46.093538093835605,12.751572511175901
FL100391,2025-03-25,SaharaJet,B787,CN-936,LHR,RAK,1540.8,162,27,0,36142,427,4152.5,13121.9,0.78,205,0,38.8363937496228,-4.819779592028349
FL100392,2025-08-15,MoroccoFly,B787,CN-356,TNG,IST,2296.3,224,21,0,38187,431,6087.3,19235.9,0.89,250,0,40.84585433796693,25.69239499943102
FL100393,2025-04-22,AtlasAir,E190,CN-480,IST,LHR,2319.1,222,38,0,36958,494,5242.0,16564.7,0.72,235,0,41.77386666256147,27.556722852285564
FL100394,2025-08-05,SaharaJet,A320,CN-185,RAK,AGA,2720.7,239,46,0,35009,511,7854.6,24820.5,0.8,142,0,31.819885065783854,-8.158388422235397
FL100395,2025-04-09,MoroccoFly,A330,CN-250,IST,ORY,1044.6,110,37,0,36466,427,2709.4,8561.7,0.88,269,0,45.44663989266192,14.064644276460983
FL100396,2025-06-02,EuroWings+,A320,CN-561,AGA,IST,1769.1,206,30,0,34629,465,4967.0,15695.7,0.79,184,0,38.55839971682701,18.025858764360468
FL100397,2025-04-03,SkyEagle,A320,CN-505,LHR,CMN,1363.8,122,0,0,28783,402,3351.1,10589.5,0.93,163,0,41.620288992700445,-3.92894319999108
FL100398,2025-05-26,SaharaJet,A330,CN-183,AGA,ORY,1972.1,181,14,0,34336,453,5191.8,16406.1,0.98,258,0,31.56074479029109,-9.173683918975248
FL100399,2025-05-08,SkyEagle,A321,CN-201,CMN,AGA,1987.6,198,62,0,32879,476,4637.0,14652.9,0.68,230,0,31.718909261761667,-8.619893874753243
FL100400,2025-04-20,RoyalMaghreb,E190,CN-249,MAD,IST,1359.5,149,14,1,39794,486,2997.8,9473.0,0.78,240,0,41.21069437723549,26.33093066590845
FL100401,2025-03-23,MoroccoFly,A320,CN-583,ORY,IST,2200.0,205,16,0,30218,439,5563.6,17581.0,0.98,122,0,47.88377235316613,6.714348850605645
FL100402,2025-07-13,RoyalMaghreb,A321,CN-730,IST,AGA,1058.3,90,49,1,37193,476,3045.3,9623.1,0.84,267,0,40.878691838746306,27.19569714917515
FL100403,2025-02-23,AtlasAir,A320,CN-320,CMN,AGA,2349.9,214,69,0,32474,456,5850.3,18486.9,0.89,192,1,31.899670343877357,-8.103017138327356
FL100404,2025-06-12,MoroccoFly,B787,CN-894,LHR,CMN,2473.1,230,13,0,36024,436,5544.3,17520.0,0.79,262,0,42.48191078574028,-4.225119668550592
FL100405,2025-07-27,SkyEagle,A321,CN-148,ORY,CMN,1037.8,106,7,0,35428,461,2650.0,8374.0,0.82,248,0,44.34219092168396,-0.3011397773110537
FL100406,2025-07-08,MoroccoFly,B737,CN-213,IST,CMN,2165.7,198,0,1,35123,501,5938.9,18766.9,0.96,221,0,39.74467984339926,24.22565244239442
FL100407,2025-06-18,EuroWings+,B787,CN-627,CMN,LHR,1851.9,182,7,1,32793,448,4789.2,15133.9,0.67,218,0,36.41187312731496,-5.713880288772508
FL100408,2025-08-16,SaharaJet,A321,CN-539,TNG,AGA,1730.9,191,9,0,32699,453,4939.8,15609.8,0.88,275,0,32.238812775175894,-7.939080558773851
FL100409,2025-06-10,AtlasAir,B787,CN-684,MAD,RAK,1845.3,216,0,0,42017,433,4072.5,12869.1,0.82,197,0,37.573399958385174,-5.454477980091127
FL100410,2025-03-09,EuroWings+,A321,CN-469,RAK,MAD,850.5,88,38,0,34227,446,2003.2,6330.1,0.77,258,0,35.98962001115401,-5.712823090083099
FL100411,2025-02-02,AtlasAir,B787,CN-994,CMN,ORY,1597.8,143,21,0,35121,521,3775.6,11930.9,0.86,261,1,35.550579160350416,-6.235296706177922
FL100412,2025-05-22,EuroWings+,A320,CN-359,LHR,TNG,1455.5,176,31,1,38101,429,3767.3,11904.7,0.88,124,0,43.862435047038716,-2.840865657030798
FL100413,2025-01-21,RoyalMaghreb,A320,CN-169,MAD,IST,1776.5,212,0,0,31497,450,4457.9,14087.0,0.84,97,0,40.717275480383904,-2.994282348538679
FL100414,2025-02-17,SkyEagle,A321,CN-695,RAK,IST,1497.9,135,14,1,32701,393,3488.0,11022.1,0.73,247,0,37.71731251749029,17.925943732734332
FL100415,2025-05-28,RoyalMaghreb,A330,CN-460,TNG,CMN,2732.3,340,0,0,36380,461,6528.7,20630.7,0.9,181,0,33.39388612570833,-7.428377028186912
FL100416,2025-09-05,SaharaJet,A330,CN-897,TNG,IST,1249.2,126,61,0,36668,420,3145.2,9938.8,0.75,194,0,39.695639374704236,19.93795270492677
FL100417,2025-05-08,RoyalMaghreb,B737,CN-286,IST,MAD,1958.3,189,14,0,29872,511,5414.8,17110.8,0.74,161,0,40.784612947670084,11.519741642870962
FL100418,2025-05-16,MoroccoFly,A320,CN-400,IST,CMN,2016.2,224,30,0,35872,424,4717.5,14907.3,0.82,90,0,40.24478840188783,23.86409753238778
FL100419,2025-05-15,MoroccoFly,A320,CN-423,AGA,CMN,2592.5,298,22,0,36594,541,6972.8,22034.0,0.74,152,0,31.501973849563715,-8.095639564421868
FL100420,2025-07-14,SkyEagle,B787,CN-656,LHR,IST,1907.9,228,38,0,37252,482,4858.1,15351.6,0.8,255,0,42.388546400123964,25.979735813349173
FL100421,2025-05-25,EuroWings+,A330,CN-762,CMN,IST,1559.5,178,38,0,30418,424,3780.7,11947.0,0.79,217,0,37.230725166529915,8.22989053979611
FL100422,2025-05-08,MoroccoFly,A330,CN-899,MAD,IST,1963.5,210,28,0,38276,422,4658.2,14719.9,0.85,269,0,41.54415309023378,14.489360690628715
FL100423,2025-02-02,AtlasAir,E190,CN-227,MAD,TNG,2108.8,228,8,0,36829,346,4746.7,14999.6,0.77,259,0,37.14635380346807,-5.328500094738805
FL100424,2025-06-25,SkyEagle,B737,CN-550,LHR,MAD,1069.9,95,52,0,39721,472,2637.5,8334.5,0.79,103,0,41.84701610847602,-3.1744268722610918
FL100425,2025-07-23,EuroWings+,A330,CN-808,TNG,ORY,2258.7,199,0,0,32535,441,5661.3,17889.7,0.76,210,0,36.62675721584573,-4.920187352702577
FL100426,2025-07-06,EuroWings+,A330,CN-184,ORY,IST,1316.9,140,22,0,30469,438,3757.8,11874.6,0.74,226,0,41.73246622465933,26.970156723122383
FL100427,2025-04-25,RoyalMaghreb,B737,CN-716,RAK,ORY,1757.0,146,46,0,30171,415,4551.7,14383.4,0.78,152,0,39.378999683632664,-2.9955813692102864
FL100428,2025-08-02,MoroccoFly,B787,CN-205,ORY,TNG,1337.0,154,5,0,33958,488,3046.9,9628.2,0.85,267,0,43.43695548583765,-1.4560598766507578
FL100429,2025-04-29,AtlasAir,A330,CN-556,ORY,TNG,1956.5,238,17,0,36860,270,4737.0,14968.9,0.87,251,0,38.310255469502934,-3.951218302690209
FL100430,2025-01-22,SaharaJet,E190,CN-806,LHR,RAK,1476.2,153,40,0,29578,436,4241.4,13402.8,0.77,231,0,50.265004091659854,-0.9855311751699617
FL100431,2025-08-26,EuroWings+,A330,CN-844,IST,CMN,345.5,30,0,0,29483,409,836.7,2644.0,0.73,237,0,34.02972228788426,-4.915551232312821
FL100432,2025-06-07,SkyEagle,B787,CN-754,LHR,TNG,3343.2,280,0,1,36826,422,7816.6,24700.5,0.87,207,0,36.81204283486992,-5.808241179156573
FL100433,2025-02-07,AtlasAir,A320,CN-625,LHR,TNG,1560.0,148,0,0,33934,385,3922.2,12394.2,0.76,164,0,36.836311263076354,-5.497856814265361
FL100434,2025-08-18,RoyalMaghreb,E190,CN-246,TNG,CMN,953.4,81,38,0,29321,465,2359.6,7456.3,0.84,202,0,34.60236701646639,-6.975379235139525
FL100435,2025-04-19,SaharaJet,E190,CN-229,IST,CMN,2345.3,240,7,0,36760,416,5595.6,17682.1,0.76,259,0,37.415210203592004,11.476334499103721
FL100436,2025-02-20,AtlasAir,A321,CN-492,MAD,TNG,1820.3,184,0,1,34467,482,4631.3,14634.9,0.7,227,0,39.89864995312007,-3.411819278884263
FL100437,2025-07-01,SaharaJet,A320,CN-560,TNG,LHR,2051.1,206,26,0,32907,402,4760.6,15043.5,0.88,153,0,42.30820526680128,-4.088683803704599
FL100438,2025-01-08,SkyEagle,A330,CN-178,IST,LHR,1534.9,159,20,0,37928,519,3721.2,11759.0,0.81,214,0,50.341491508626255,0.994220520323706
FL100439,2025-01-27,SaharaJet,A321,CN-421,MAD,AGA,1792.7,194,57,0,36168,491,4002.8,12648.8,0.94,251,0,38.100876444246836,-4.4080278497789225
FL100440,2025-01-27,RoyalMaghreb,A330,CN-126,AGA,CMN,1690.0,149,17,0,40879,472,4549.3,14375.8,0.82,257,0,32.81447654832445,-7.383934914936514
FL100441,2025-08-14,RoyalMaghreb,A321,CN-496,IST,ORY,2644.3,267,0,0,33121,457,6582.7,20801.3,0.64,287,0,47.48872503386158,6.501140322696015
FL100442,2025-01-21,SaharaJet,A320,CN-366,ORY,IST,1509.8,155,39,0,34318,442,4302.9,13597.2,0.96,185,0,46.017856097816136,11.524063294919904
FL100443,2025-01-30,RoyalMaghreb,B737,CN-392,AGA,MAD,2065.0,186,7,0,36842,337,4543.3,14356.8,0.76,140,0,38.24578320987097,-4.880187358749909
FL100444,2025-04-07,RoyalMaghreb,B737,CN-238,AGA,CMN,2471.2,275,18,0,38876,412,6389.2,20189.9,0.86,199,0,30.438344599853895,-9.304434302732263
FL100445,2025-01-28,AtlasAir,B737,CN-555,TNG,LHR,2064.3,225,0,0,30992,556,5749.7,18169.1,0.79,109,0,46.026823270050826,-1.8933665336404588
FL100446,2025-04-21,AtlasAir,E190,CN-455,MAD,LHR,1216.3,103,28,0,34809,377,3423.7,10818.9,0.88,241,0,45.929035736277676,-2.1163403922791755
FL100447,2025-07-11,RoyalMaghreb,A320,CN-971,ORY,TNG,2038.9,175,11,1,41054,461,5596.8,17685.9,0.84,130,0,42.15351296683549,-1.860917742842962
FL100448,2025-08-13,MoroccoFly,E190,CN-470,TNG,IST,1212.0,115,0,0,30955,450,3153.5,9965.1,0.89,301,0,37.4693963887639,6.166684571543802
FL100449,2025-07-16,SaharaJet,A321,CN-911,RAK,TNG,3113.1,385,12,0,30439,497,7035.8,22233.1,0.76,251,0,34.17076149406725,-6.8635930742407005
FL100450,2025-03-02,MoroccoFly,A321,CN-469,IST,CMN,1868.0,206,29,0,34358,498,5051.6,15963.1,0.81,263,0,37.233931407230536,9.829909533896092
FL100451,2025-02-17,SaharaJet,B787,CN-922,MAD,AGA,2314.2,272,21,0,34309,498,5872.0,18555.5,0.81,230,0,30.785737970264847,-9.625759785941868
FL100452,2025-05-27,SaharaJet,A321,CN-416,RAK,CMN,1236.0,124,29,0,35983,497,3298.1,10422.0,0.85,225,0,33.53660334877182,-7.37148785503428
FL100453,2025-01-04,EuroWings+,E190,CN-520,IST,ORY,1622.2,154,0,0,34041,477,4503.0,14229.5,0.59,280,0,45.41379792449771,13.896612266924178
FL100454,2025-02-04,EuroWings+,B787,CN-424,RAK,TNG,2668.7,246,41,0,34607,506,6361.3,20101.7,0.81,191,0,33.04841511867508,-7.161790188679591
FL100455,2025-07-11,RoyalMaghreb,A320,CN-796,IST,AGA,1949.6,175,17,0,30238,450,4848.1,15320.0,0.88,181,0,30.656432529835854,-6.045357202880332
FL100456,2025-02-18,SaharaJet,A330,CN-898,TNG,IST,3298.4,322,19,0,31043,451,9133.1,28860.6,0.73,243,0,40.84180132148332,26.55317994346672
FL100457,2025-01-17,SaharaJet,E190,CN-232,TNG,IST,1833.9,217,0,1,33270,413,4556.7,14399.2,0.92,225,0,36.69234055969277,-0.5221999710440562
FL100458,2025-06-21,EuroWings+,B787,CN-227,CMN,IST,1999.0,194,0,0,33800,412,5650.3,17854.9,0.81,239,0,33.12529290377729,-5.7512779831962755
FL100459,2025-08-08,SaharaJet,A321,CN-265,ORY,RAK,3211.1,279,4,0,38840,436,9099.9,28755.7,0.83,208,0,48.17480293910016,2.0086391462258577
FL100460,2025-06-07,SkyEagle,E190,CN-631,AGA,TNG,2036.7,178,7,1,36351,436,4938.0,15604.1,0.77,242,0,33.72926248322292,-7.005504314482817
FL100461,2025-08-09,SkyEagle,A320,CN-750,ORY,RAK,2140.5,267,0,0,34039,329,5241.0,16561.6,0.83,158,0,48.62906460421487,2.0781955110011294
FL100462,2025-02-15,SaharaJet,A330,CN-410,TNG,LHR,1455.6,131,10,0,33115,454,3345.4,10571.5,0.72,255,0,44.339659662178626,-2.9571494838639194
FL100463,2025-04-27,SaharaJet,B787,CN-756,RAK,MAD,2094.1,251,36,0,31265,448,6041.1,19089.9,0.82,203,0,37.21651686082644,-5.4874075471963595
FL100464,2025-01-06,MoroccoFly,B787,CN-774,TNG,RAK,2142.3,262,9,1,33443,492,5896.6,18633.3,0.67,247,0,35.234349067803976,-5.46532048278017
FL100465,2025-04-09,SaharaJet,E190,CN-677,MAD,IST,865.2,80,88,0,33275,419,2350.4,7427.3,0.84,200,0,41.16000377434185,24.481490646611768
FL100466,2025-05-04,AtlasAir,A320,CN-756,RAK,CMN,1060.5,129,0,0,36371,554,3033.8,9586.8,0.95,134,0,32.41049054556533,-8.316954375155127
FL100467,2025-08-21,SaharaJet,A330,CN-685,AGA,IST,2910.6,247,11,0,34985,420,7512.7,23740.1,0.86,220,1,40.755900035414804,26.601558802412846
FL100468,2025-02-06,EuroWings+,B787,CN-742,CMN,ORY,1553.7,152,63,0,28087,431,3954.6,12496.5,0.72,249,0,43.485877265773325,-0.7906979179469075
FL100469,2025-01-24,SaharaJet,A330,CN-350,ORY,AGA,1232.5,148,24,0,39674,364,2788.4,8811.3,0.72,232,1,38.0646433903482,-3.878890595513389
FL100470,2025-04-03,RoyalMaghreb,B737,CN-174,ORY,AGA,1441.9,136,0,0,35481,518,3452.9,10911.2,0.85,179,0,47.71814517457345,2.137014674605879
FL100471,2025-08-29,RoyalMaghreb,A320,CN-525,TNG,ORY,769.1,86,0,0,30630,543,1932.5,6106.7,0.88,143,0,42.51278451048084,-1.5782599194931621
FL100472,2025-02-15,EuroWings+,B737,CN-721,AGA,TNG,1945.9,221,6,0,30855,360,4920.0,15547.2,0.76,152,0,33.53883280489836,-6.804378557029157
FL100473,2025-06-30,MoroccoFly,A330,CN-981,MAD,LHR,974.9,110,13,0,34524,460,2300.0,7268.0,0.77,228,0,41.40671778522792,-3.600561942108574
FL100474,2025-04-05,SkyEagle,B737,CN-479,TNG,IST,2562.6,250,0,0,32547,466,6600.0,20856.0,0.69,146,0,40.13106906047808,24.1378613709988
FL100475,2025-04-09,SaharaJet,B787,CN-347,RAK,AGA,1714.3,181,0,1,30828,377,4231.7,13372.2,0.86,270,0,31.18982461205217,-8.16880651149571
FL100476,2025-07-07,EuroWings+,A320,CN-353,ORY,AGA,1757.9,164,0,0,34544,503,4289.3,13554.2,0.81,127,0,41.061424146793364,-1.8487961465443625
FL100477,2025-08-13,MoroccoFly,A320,CN-493,CMN,AGA,1860.6,165,29,0,30043,397,4835.1,15278.9,0.87,127,0,31.02665836791064,-9.08380153676996
FL100478,2025-04-26,SaharaJet,B737,CN-263,AGA,IST,748.6,71,0,1,38542,470,1796.3,5676.3,0.88,139,0,35.23182096309687,4.764239306711903
FL100479,2025-07-10,SkyEagle,B787,CN-881,MAD,RAK,1296.3,124,51,0,41263,485,3087.3,9755.9,0.82,193,0,34.07468616858319,-6.349663396439997
FL100480,2025-08-01,MoroccoFly,B737,CN-415,IST,AGA,799.9,91,0,0,35409,451,1853.3,5856.4,0.88,144,0,31.439406097824552,-7.632840651057238
FL100481,2025-06-09,EuroWings+,A320,CN-617,RAK,ORY,3125.1,318,3,0,44720,494,8648.3,27328.6,0.89,196,0,44.23397069081719,-0.5303502490975648
FL100482,2025-08-03,EuroWings+,A321,CN-461,AGA,MAD,2211.5,257,0,0,39959,481,6284.4,19858.7,0.9,276,0,30.366317110789844,-9.71649262172913
FL100483,2025-06-10,AtlasAir,A320,CN-711,ORY,AGA,1301.6,119,62,0,36495,487,3678.8,11625.0,0.74,175,0,32.43638753969159,-8.646653715814475
FL100484,2025-03-08,RoyalMaghreb,E190,CN-649,IST,TNG,2080.8,222,0,0,32173,422,5891.4,18616.8,0.71,222,0,39.816491282192864,17.5759555683484
FL100485,2025-05-08,AtlasAir,A320,CN-370,LHR,RAK,1093.5,101,23,0,37372,465,2742.8,8667.2,0.84,171,0,39.39281012900708,-4.992956678954942
FL100486,2025-01-18,RoyalMaghreb,A330,CN-146,LHR,TNG,2442.9,296,0,0,29103,420,6123.9,19351.5,0.76,224,0,43.18426860143036,-3.5723154358486378
FL100487,2025-01-25,EuroWings+,A320,CN-666,AGA,TNG,1371.3,159,21,0,36765,486,3740.0,11818.4,0.9,196,0,33.827393885472446,-7.292498614720833
FL100488,2025-08-22,SkyEagle,A320,CN-561,LHR,ORY,1801.2,191,56,0,39131,501,5060.8,15992.1,0.91,139,0,49.57492810227021,2.88320874497847
FL100489,2025-08-11,SaharaJet,A330,CN-199,RAK,TNG,2723.0,229,30,0,41963,480,6910.1,21835.9,0.83,231,0,33.15127390839871,-7.524882291852363
FL100490,2025-02-23,EuroWings+,A330,CN-474,MAD,ORY,2145.9,182,0,0,40121,411,5237.6,16550.8,0.88,278,0,40.894343684625525,-3.4116941708336372
FL100491,2025-02-27,MoroccoFly,A321,CN-141,LHR,ORY,1935.2,170,57,0,31109,417,4863.2,15367.7,0.84,238,0,48.86447026149758,1.922043178212696
FL100492,2025-03-08,AtlasAir,A320,CN-441,TNG,LHR,1843.3,182,36,0,35699,414,5235.4,16543.9,0.87,126,0,45.38487068012202,-2.8367349436657996
FL100493,2025-04-14,EuroWings+,B787,CN-720,IST,RAK,1593.1,153,0,0,32393,503,4243.6,13409.8,0.86,213,0,37.400868740176065,12.847017066901785
FL100494,2025-06-23,SaharaJet,A321,CN-426,MAD,ORY,2131.2,184,9,0,32714,460,5272.7,16661.7,0.9,278,0,42.55648409938788,-1.9583257934881484
FL100495,2025-01-24,MoroccoFly,B737,CN-444,ORY,MAD,1819.4,167,63,0,31485,387,4035.4,12751.9,0.91,142,0,44.30215135027715,-0.7126990871625842
FL100496,2025-04-24,SaharaJet,B787,CN-676,IST,MAD,1790.1,191,35,1,35190,431,4626.0,14618.2,0.79,197,0,40.54055021686381,5.068905135899714
FL100497,2025-02-01,SkyEagle,B737,CN-439,CMN,AGA,1369.6,162,9,0,33681,482,3033.1,9584.6,0.81,132,0,31.84076263464365,-8.269018399076877
FL100498,2025-06-24,RoyalMaghreb,A320,CN-415,LHR,ORY,1049.3,108,0,0,38407,442,3001.9,9486.0,0.88,102,0,50.51643408620678,-0.004910971318180635
FL100499,2025-03-27,RoyalMaghreb,E190,CN-585,CMN,MAD,3143.0,291,0,0,35584,502,7881.6,24905.9,0.82,217,0,37.726714405331336,-4.73020314130633
FL100500,2025-05-31,SkyEagle,E190,CN-152,AGA,LHR,2449.8,219,0,0,26862,442,6093.5,19255.5,0.78,228,0,31.052379906240745,-8.61063437177221
FL100501,2025-07-13,SaharaJet,B737,CN-744,TNG,MAD,1041.7,129,0,0,35264,498,2688.2,8494.7,0.73,207,0,35.9203572468744,-6.009345791787245
FL100502,2025-05-07,RoyalMaghreb,B787,CN-941,LHR,RAK,2390.3,283,21,0,33570,384,5788.4,18291.3,0.73,230,0,35.40797389065037,-7.397651426254887
FL100503,2025-06-04,RoyalMaghreb,A321,CN-817,CMN,MAD,2080.1,208,37,0,35579,498,4898.1,15478.0,0.89,221,0,40.50337818772507,-3.701731776154095
FL100504,2025-08-22,AtlasAir,A321,CN-421,CMN,ORY,1689.6,146,0,0,33105,452,3719.9,11754.9,0.88,206,0,35.64451323532966,-6.774869070061534
FL100505,2025-05-10,EuroWings+,A321,CN-308,LHR,MAD,1288.3,154,32,1,36976,427,3613.1,11417.4,0.77,254,0,42.50165943077435,-2.541994899974201
FL100506,2025-08-06,EuroWings+,B787,CN-968,IST,LHR,1458.2,145,9,0,33841,339,3579.0,11309.6,0.88,248,0,45.2575298704123,17.309755631885377
FL100507,2025-01-17,RoyalMaghreb,E190,CN-241,CMN,LHR,1959.6,214,21,1,35453,417,4389.4,13870.5,0.83,269,0,48.31236272653013,-1.4335407207415192
FL100508,2025-04-14,SaharaJet,A321,CN-589,MAD,LHR,1744.8,167,0,0,37730,440,5038.8,15922.6,0.74,252,0,46.39296368608863,-1.6868638215164133
FL100509,2025-06-10,SaharaJet,B737,CN-570,MAD,RAK,1249.1,141,34,0,34044,377,3431.7,10844.2,0.8,204,0,32.68029123837324,-7.110433428100578
FL100510,2025-05-17,SaharaJet,A330,CN-890,MAD,LHR,1242.5,146,0,0,34335,377,3523.7,11134.9,0.84,223,0,41.56310422446089,-3.029943578359859
FL100511,2025-02-12,RoyalMaghreb,E190,CN-595,ORY,MAD,2581.0,285,0,0,41221,410,6077.8,19205.8,0.91,261,0,43.91356482365179,-1.3218486649142966
FL100512,2025-09-03,MoroccoFly,A321,CN-405,ORY,MAD,2540.0,226,17,0,33525,379,7057.1,22300.4,0.83,193,0,45.42193317539015,0.49479681334125336
FL100513,2025-06-25,MoroccoFly,A330,CN-312,ORY,LHR,1906.7,227,12,0,33794,496,5493.4,17359.1,0.75,236,0,48.76583026388858,2.2415354905486353
FL100514,2025-02-08,RoyalMaghreb,E190,CN-591,IST,TNG,1819.1,162,19,0,31491,413,4614.0,14580.2,0.98,264,0,36.007017654620455,-4.240118890692641
FL100515,2025-08-09,SkyEagle,B787,CN-224,ORY,TNG,1440.2,140,0,0,39720,421,3859.9,12197.3,0.78,260,0,41.04397390676636,-3.16599301335573
FL100516,2025-06-19,SaharaJet,E190,CN-938,LHR,AGA,1307.5,147,7,0,38356,513,3746.5,11838.9,0.98,198,1,40.137503459770834,-5.624230867209303
FL100517,2025-09-04,SkyEagle,A321,CN-394,ORY,CMN,2554.3,213,26,0,31199,471,6504.1,20553.0,0.89,262,0,43.559444169043175,-0.862709501558228
FL100518,2025-01-26,RoyalMaghreb,A320,CN-771,MAD,AGA,1258.3,144,38,0,37640,378,2872.2,9076.2,0.72,187,0,39.40544221460775,-4.515431594544647
FL100519,2025-04-09,SkyEagle,E190,CN-306,IST,RAK,2015.8,212,20,0,34543,417,5794.7,18311.3,0.68,249,0,34.08354341006986,3.31018739145281
FL100520,2025-02-19,SaharaJet,A330,CN-211,ORY,RAK,2094.9,225,12,0,38907,456,4760.0,15041.6,0.87,214,0,41.772632060819504,-2.115737987094294
FL100521,2025-06-02,SaharaJet,E190,CN-151,AGA,RAK,404.2,42,9,0,33113,541,944.3,2984.0,0.86,255,0,30.292581669433833,-8.731674520589682
FL100522,2025-06-01,RoyalMaghreb,B787,CN-338,AGA,LHR,2270.5,278,0,0,32701,426,5378.1,16994.8,0.82,262,0,48.302454321864126,-1.9006835894444079
FL100523,2025-01-13,AtlasAir,A320,CN-834,LHR,TNG,1488.1,160,0,0,36851,365,3342.5,10562.3,0.79,121,0,45.16855644591623,-2.272342859951144
FL100524,2025-03-01,EuroWings+,A320,CN-663,TNG,CMN,1290.2,148,5,0,35112,434,3181.1,10052.3,0.98,168,0,35.21457235584867,-6.294917258561799
FL100525,2025-09-07,MoroccoFly,B737,CN-766,IST,AGA,1629.4,159,36,0,35713,400,4183.7,13220.5,0.8,117,0,34.83621767097812,5.942238429761806
FL100526,2025-05-15,MoroccoFly,A330,CN-761,MAD,TNG,2374.8,225,34,0,37991,509,5265.2,16638.0,0.68,212,0,39.68607514524572,-4.017365968871114
FL100527,2025-02-26,AtlasAir,A320,CN-856,AGA,MAD,1038.8,90,62,0,35147,460,2862.3,9044.9,0.72,202,0,37.15929353348907,-5.431519583184833
FL100528,2025-02-05,RoyalMaghreb,A320,CN-957,TNG,ORY,1887.3,187,0,0,26889,466,4677.9,14782.2,0.89,107,0,41.6122291694852,-2.2526271539245313
FL100529,2025-06-22,MoroccoFly,A320,CN-607,LHR,IST,1530.5,174,23,0,36115,503,4057.6,12822.0,0.77,184,0,49.12141466515467,5.511683578553496
FL100530,2025-01-20,MoroccoFly,E190,CN-109,ORY,CMN,1968.0,198,0,0,35247,431,4874.8,15404.4,0.88,227,0,35.221091483420516,-6.176243860368602
FL100531,2025-03-06,SkyEagle,B787,CN-391,RAK,AGA,1212.1,124,34,0,34580,456,3432.9,10848.0,0.81,273,0,30.72196778673281,-8.485322039278556
FL100532,2025-01-08,EuroWings+,E190,CN-971,IST,RAK,1684.0,143,54,0,39425,440,4673.3,14767.6,0.72,246,0,32.1337544917096,-6.684294341384391
FL100533,2025-08-26,SaharaJet,B737,CN-928,ORY,RAK,1778.9,168,5,0,30855,461,4308.7,13615.5,0.84,106,0,45.92335987359154,0.801646533206968
FL100534,2025-05-24,AtlasAir,A330,CN-569,TNG,LHR,1638.0,162,0,0,39293,436,4312.7,13628.1,0.66,202,0,44.52713200049027,-2.8608938349549424
FL100535,2025-05-22,RoyalMaghreb,A330,CN-854,TNG,CMN,2040.9,210,0,0,36476,400,5707.9,18037.0,0.82,188,1,34.69773198661443,-6.4180066821805
FL100536,2025-07-23,SkyEagle,A330,CN-725,AGA,RAK,1327.7,112,23,0,37045,498,3469.0,10962.0,0.91,235,0,31.00556687247009,-8.514475000572746
FL100537,2025-04-25,RoyalMaghreb,B737,CN-435,LHR,ORY,461.8,52,65,0,35183,368,1138.8,3598.6,0.85,158,0,50.34004922548312,1.263681140439335
FL100538,2025-08-03,AtlasAir,B737,CN-243,RAK,TNG,1445.4,140,29,0,33819,411,3298.1,10422.0,0.8,149,0,31.776434883312895,-8.379236329387636
FL100539,2025-05-23,EuroWings+,A330,CN-367,AGA,CMN,1820.6,188,15,0,36791,393,4535.8,14333.1,0.86,211,0,33.01468575345644,-7.950740537667292
FL100540,2025-04-02,EuroWings+,A321,CN-373,IST,LHR,1350.4,125,26,0,31192,526,3875.2,12245.6,0.84,237,0,43.89900437888374,20.37120350778621
FL100541,2025-04-08,SkyEagle,A330,CN-769,CMN,AGA,675.6,83,22,0,33658,363,1567.3,4952.7,0.85,261,0,31.500298648754306,-8.737792866953294
FL100542,2025-03-07,SkyEagle,E190,CN-783,AGA,CMN,2361.6,282,37,0,33041,422,6535.1,20650.9,0.81,206,0,30.51529995416976,-9.011009306494397
FL100543,2025-02-01,AtlasAir,B737,CN-515,ORY,RAK,1362.3,147,0,0,37323,458,3271.5,10337.9,0.86,127,0,36.60773946824474,-5.034070537140499
FL100544,2025-08-03,RoyalMaghreb,B787,CN-220,ORY,LHR,2514.7,256,14,0,34251,391,6478.2,20471.1,0.82,228,0,50.8102676488353,0.5246535660714051
FL100545,2025-07-10,RoyalMaghreb,A330,CN-326,MAD,ORY,1824.3,163,9,0,32508,429,5147.0,16264.5,0.9,237,0,46.20550858654787,0.7699502244781793
FL100546,2025-03-27,MoroccoFly,A321,CN-565,IST,RAK,2000.0,178,0,0,32577,438,5680.5,17950.4,0.84,218,0,37.20369900610911,13.882487251511558
FL100547,2025-02-20,RoyalMaghreb,B787,CN-818,MAD,AGA,2643.4,233,30,0,35871,486,7447.3,23533.5,0.98,209,0,30.827456875340523,-8.945267680784985
FL100548,2025-06-02,SaharaJet,B737,CN-353,AGA,IST,859.2,93,0,0,32136,475,2097.5,6628.1,0.81,154,0,39.94376386423412,23.902921556115054
FL100549,2025-07-05,RoyalMaghreb,B787,CN-557,RAK,MAD,2442.3,221,15,0,37724,472,5389.5,17030.8,0.89,234,0,35.78215379044618,-5.482728551896345
FL100550,2025-03-04,SaharaJet,E190,CN-677,MAD,CMN,3081.4,318,25,0,34903,451,7752.9,24499.2,0.95,215,0,35.85880471909008,-5.8424197721153375
FL100551,2025-07-09,AtlasAir,A320,CN-649,AGA,MAD,1650.2,139,8,1,35031,383,4610.4,14568.9,0.82,152,0,39.36821427725666,-4.7061021107345615
FL100552,2025-05-05,MoroccoFly,A321,CN-632,MAD,IST,1140.7,140,35,0,37670,419,3148.5,9949.3,0.98,212,0,40.63201257677677,22.994379666009852
FL100553,2025-05-30,EuroWings+,A320,CN-697,AGA,LHR,1957.5,199,0,0,35777,425,4599.4,14534.1,0.79,120,0,42.41946134463334,-4.814497289228776
FL100554,2025-02-27,EuroWings+,A320,CN-156,IST,LHR,945.6,109,22,0,29106,375,2103.9,6648.3,0.98,156,0,48.3127634315131,7.883085674945645
FL100555,2025-02-27,EuroWings+,A321,CN-677,LHR,AGA,1795.6,202,0,0,32408,428,4842.7,15302.9,0.73,243,0,34.49731022615368,-8.047410853968133
FL100556,2025-03-27,AtlasAir,B787,CN-926,IST,MAD,2356.9,254,0,0,33091,421,5891.2,18616.2,0.72,265,0,40.98434484841377,12.009263194594789
FL100557,2025-02-18,SkyEagle,E190,CN-360,CMN,ORY,1324.2,128,79,1,33459,497,3133.3,9901.2,0.82,188,0,41.14025571884757,-2.660863039364916
FL100558,2025-06-29,AtlasAir,E190,CN-174,AGA,MAD,1429.1,134,40,0,40800,462,4027.7,12727.5,0.66,238,0,32.855343756661924,-8.215815563958376
FL100559,2025-06-19,AtlasAir,B737,CN-165,MAD,LHR,1399.8,158,56,0,32501,422,3807.9,12033.0,0.8,111,0,51.054202819748994,-0.5666809125731551
FL100560,2025-03-11,SaharaJet,A320,CN-132,RAK,ORY,1908.2,183,0,0,33100,445,4888.0,15446.1,0.72,160,0,33.79122537359745,-7.00089654155614
FL100561,2025-01-15,SkyEagle,B737,CN-238,TNG,IST,1425.5,163,0,1,33765,477,3463.1,10943.4,0.82,115,0,39.72589001038309,17.368477564363168
FL100562,2025-02-23,RoyalMaghreb,E190,CN-491,LHR,TNG,2053.5,183,6,0,31507,432,4883.8,15432.8,0.85,190,0,36.769752163055045,-5.848557671911125
FL100563,2025-08-23,EuroWings+,B737,CN-799,LHR,CMN,1259.2,110,7,0,37390,545,3186.0,10067.8,0.96,159,0,39.50396538116712,-5.437190865551178
FL100564,2025-07-07,RoyalMaghreb,B787,CN-980,TNG,LHR,580.6,67,0,0,34798,396,1587.6,5016.8,0.81,189,1,46.45080862416764,-1.8208572823762308
FL100565,2025-04-11,SkyEagle,A320,CN-502,TNG,MAD,1649.9,171,10,0,38876,385,4448.9,14058.5,0.68,192,0,37.240717559493866,-4.899728042647922
FL100566,2025-08-13,SaharaJet,A321,CN-103,AGA,IST,1000.5,104,47,0,32005,362,2705.7,8550.0,0.88,240,0,36.057209774617235,9.827825426650001
FL100567,2025-01-08,AtlasAir,A330,CN-836,IST,MAD,1858.0,162,3,0,35690,456,4942.5,15618.3,0.77,237,0,40.56984989540847,13.534652515056305
FL100568,2025-02-22,SaharaJet,B737,CN-335,LHR,IST,2947.2,294,47,0,35962,500,6510.2,20572.2,0.76,211,0,45.03923174448651,18.42602237529231
FL100569,2025-03-01,MoroccoFly,B737,CN-382,MAD,RAK,2034.8,253,0,1,31621,375,4781.8,15110.5,0.71,222,0,37.81481157503843,-4.702699253843627
FL100570,2025-08-24,MoroccoFly,E190,CN-928,RAK,CMN,2367.5,256,44,0,37307,423,6833.5,21593.9,0.8,239,0,31.948578382793418,-7.850775972152552
FL100571,2025-04-18,RoyalMaghreb,B737,CN-311,CMN,TNG,1703.7,146,31,0,36778,520,4495.7,14206.4,0.93,203,0,35.95669036016203,-5.720002344451917
FL100572,2025-01-05,AtlasAir,A320,CN-712,CMN,ORY,1614.6,193,28,0,38871,452,4053.6,12809.4,0.9,236,0,42.71499148516064,-1.3611407254773304
FL100573,2025-04-13,RoyalMaghreb,E190,CN-858,CMN,TNG,2773.0,320,58,0,34831,462,6542.0,20672.7,0.86,210,0,34.41447087947502,-6.792877381621244
FL100574,2025-07-15,AtlasAir,B737,CN-652,IST,RAK,428.5,37,0,1,37299,429,1177.2,3720.0,0.69,176,0,40.63618655363595,28.77705486505453
FL100575,2025-01-06,MoroccoFly,A320,CN-396,TNG,MAD,2471.0,216,0,0,33652,483,6334.9,20018.3,0.8,159,0,39.326849729883705,-4.179021228110779
FL100576,2025-04-19,MoroccoFly,E190,CN-712,MAD,ORY,1373.2,162,20,0,33846,439,3434.0,10851.4,0.67,258,0,46.136962795794695,0.03181326012550226
FL100577,2025-08-12,RoyalMaghreb,A330,CN-997,AGA,TNG,2574.4,252,52,0,32197,524,7362.4,23265.2,0.85,277,0,31.332772982367253,-9.33223808925222
FL100578,2025-04-26,MoroccoFly,E190,CN-407,AGA,ORY,1882.8,217,0,1,35159,493,5097.7,16108.7,0.98,210,0,35.84628383209197,-5.044797652862845
FL100579,2025-04-04,SkyEagle,A320,CN-795,TNG,LHR,802.7,84,33,0,31225,493,2255.7,7128.0,0.67,155,0,41.44631322054678,-3.781408018688574
FL100580,2025-02-16,EuroWings+,B787,CN-452,IST,CMN,2588.4,273,0,0,40259,431,5889.3,18610.2,0.86,260,0,40.024147408498706,22.967788562629963
FL100581,2025-04-09,RoyalMaghreb,E190,CN-637,LHR,IST,1749.7,170,8,1,39009,453,4519.4,14281.3,0.81,234,0,41.64759816454886,27.4543698193908
FL100582,2025-02-24,SkyEagle,E190,CN-252,LHR,AGA,1408.5,120,2,0,33416,517,3596.0,11363.4,0.69,232,0,50.68433104692286,-0.2680197330585456
FL100583,2025-06-17,SkyEagle,B737,CN-650,TNG,IST,423.6,38,25,0,37361,496,992.6,3136.6,0.79,97,0,39.64793806473468,20.12757714285649
FL100584,2025-02-21,EuroWings+,A321,CN-978,AGA,TNG,1963.3,220,16,0,32772,444,4989.9,15768.1,0.83,296,0,32.24174718148169,-8.97034556991673
FL100585,2025-05-24,RoyalMaghreb,A321,CN-675,IST,CMN,1417.0,130,44,0,32724,427,3921.9,12393.2,0.88,212,0,36.475108675748984,10.203627823971344
FL100586,2025-01-13,EuroWings+,B737,CN-348,TNG,ORY,1630.1,156,0,1,34754,499,4336.4,13703.0,0.8,185,1,41.60310658686822,-2.239773813062706
FL100587,2025-04-24,SkyEagle,A321,CN-180,MAD,LHR,1884.9,207,59,0,40940,482,4572.9,14450.4,0.98,228,0,42.65806300894847,-2.775419342461041
FL100588,2025-05-04,EuroWings+,A330,CN-841,RAK,MAD,1445.2,153,56,0,38320,336,3729.1,11784.0,0.73,239,0,33.597847973409934,-6.95585977842647
FL100589,2025-04-16,MoroccoFly,A320,CN-789,ORY,AGA,2285.2,216,13,0,36211,444,6339.9,20034.1,0.8,168,0,43.674717722977505,-1.1219337258307986
FL100590,2025-06-07,SaharaJet,B787,CN-174,CMN,IST,1287.7,144,1,0,34647,450,3219.9,10174.9,0.75,233,0,39.19940481172395,18.199445067813105
FL100591,2025-05-27,MoroccoFly,B787,CN-313,AGA,ORY,2062.0,246,28,0,35251,460,5360.1,16937.9,0.81,259,0,39.6839049209282,-3.792316543612349
FL100592,2025-05-25,SkyEagle,A330,CN-294,CMN,TNG,2032.0,174,51,1,34558,417,4503.7,14231.7,0.85,179,0,35.626740128697506,-5.445726084974954
FL100593,2025-04-30,RoyalMaghreb,A320,CN-812,IST,RAK,2088.2,178,10,0,34225,493,5671.1,17920.7,0.74,157,0,36.644235098270094,12.451527530827416
FL100594,2025-03-04,SaharaJet,E190,CN-345,AGA,ORY,2980.2,319,17,0,38225,502,7583.8,23964.8,0.82,265,0,33.946521805731074,-7.081547953223666
FL100595,2025-01-19,SaharaJet,A330,CN-577,ORY,AGA,1004.7,109,35,0,31557,411,2329.2,7360.3,0.78,250,0,39.70313820952524,-3.1676629835671894
FL100596,2025-04-02,SaharaJet,E190,CN-367,MAD,TNG,1169.9,136,0,0,35671,352,3117.3,9850.7,0.94,216,0,38.96809530051136,-4.233787392573459
FL100597,2025-02-27,SkyEagle,B787,CN-200,IST,AGA,1709.4,145,0,0,37106,523,4742.3,14985.7,0.71,225,0,35.969336940302135,8.219518155815203
FL100598,2025-07-02,RoyalMaghreb,B737,CN-479,MAD,RAK,1945.1,165,25,0,34890,363,5431.8,17164.5,0.95,161,0,38.01136099823056,-4.536234272054782
FL100599,2025-03-31,SkyEagle,B737,CN-984,CMN,MAD,1023.3,108,0,0,37588,346,2322.9,7340.4,0.78,195,0,38.61301586885765,-4.736495694916911
